Code département;Libellé du département;Code de la circonscription;Code de la commune;LIBGEO;% Exp/Ins;CODGEO;Score_Gauche;Score_Droite;Score_Divers
22;Côtes-d'Armor;1.0;11;Boqueho;51.05;22011;37.18;62.81;0.01
22;Côtes-d'Armor;1.0;38;Châtelaudren;56.27;22038;42.29;57.72;0.0
22;Côtes-d'Armor;1.0;45;Cohiniac;57.46;22045;32.05;67.95;0.0
22;Côtes-d'Armor;1.0;81;Hillion;54.48;22081;35.1;64.37;0.53
22;Côtes-d'Armor;1.0;106;Langueux;56.49;22106;42.62;56.77;0.61
22;Côtes-d'Armor;1.0;144;La Méaugon;55.97;22144;36.44;62.41;1.15
22;Côtes-d'Armor;1.0;176;Plédran;50.02;22176;34.98;64.48;0.54
22;Côtes-d'Armor;1.0;182;Plélo;57.03;22182;31.82;67.13;1.05
22;Côtes-d'Armor;1.0;187;Plérin;60.38;22187;33.71;65.83;0.46
22;Côtes-d'Armor;1.0;188;Plerneuf;57.1;22188;35.93;63.32;0.75
22;Côtes-d'Armor;1.0;215;Ploufragan;53.69;22215;40.63;58.75;0.62
22;Côtes-d'Armor;1.0;234;Plouvara;54.84;22234;35.29;63.96;0.75
22;Côtes-d'Armor;1.0;251;Pordic;59.08;22251;32.31;67.05;0.64
22;Côtes-d'Armor;1.0;278;Saint-Brieuc;49.84;22278;38.21;61.22;0.57
22;Côtes-d'Armor;1.0;287;Saint-Donan;54.19;22287;35.72;63.63;0.65
22;Côtes-d'Armor;1.0;307;Saint-Julien;55.86;22307;35.46;64.09;0.45
22;Côtes-d'Armor;1.0;356;Trégomeur;60.78;22356;26.36;73.39;0.25
22;Côtes-d'Armor;1.0;360;Trégueux;54.99;22360;34.71;64.47;0.82
22;Côtes-d'Armor;1.0;372;Trémuson;52.47;22372;38.63;61.13;0.24
22;Côtes-d'Armor;1.0;389;Yffiniac;55.39;22389;36.23;63.26;0.51
22;Côtes-d'Armor;2.0;3;Aucaleuc;52.23;22003;34.46;64.38;1.16
22;Côtes-d'Armor;2.0;8;Bobital;54.87;22008;31.64;67.96;0.4
22;Côtes-d'Armor;2.0;12;La Bouillie;55.37;22012;27.87;71.87;0.26
22;Côtes-d'Armor;2.0;14;Bourseul;59.2;22014;26.68;73.1;0.22
22;Côtes-d'Armor;2.0;20;Broons;54.48;22020;26.48;73.41;0.11
22;Côtes-d'Armor;2.0;21;Brusvily;51.65;22021;32.88;65.99;1.13
22;Côtes-d'Armor;2.0;26;Calorguen;51.26;22026;36.62;62.31;1.07
22;Côtes-d'Armor;2.0;32;Caulnes;52.95;22032;26.39;72.47;1.14
22;Côtes-d'Armor;2.0;35;Les Champs-Géraux;50.66;22035;35.46;64.31;0.23
22;Côtes-d'Armor;2.0;36;La Chapelle-Blanche;57.96;22036;26.38;70.33;3.29
22;Côtes-d'Armor;2.0;48;Corseul;49.73;22048;29.45;70.06;0.49
22;Côtes-d'Armor;2.0;49;Créhen;56.28;22049;28.07;71.79;0.14
22;Côtes-d'Armor;2.0;50;Dinan;55.25;22050;28.17;71.3;0.53
22;Côtes-d'Armor;2.0;53;Eréac;63.36;22053;22.44;76.19;1.37
22;Côtes-d'Armor;2.0;54;Erquy;60.14;22054;22.1;77.36;0.54
22;Côtes-d'Armor;2.0;56;Evran;56.78;22056;29.94;69.76;0.3
22;Côtes-d'Armor;2.0;69;Guenroc;61.54;22069;32.69;67.31;0.0
22;Côtes-d'Armor;2.0;71;Guitté;53.29;22071;27.03;72.59;0.38
22;Côtes-d'Armor;2.0;76;Hénanbihen;57.88;22076;23.55;75.7;0.75
22;Côtes-d'Armor;2.0;77;Hénansal;54.73;22077;23.54;75.63;0.83
22;Côtes-d'Armor;2.0;82;Le Hinglé;59.28;22082;37.4;62.6;0.0
22;Côtes-d'Armor;2.0;94;Lancieux;63.4;22094;21.79;77.4;0.81
22;Côtes-d'Armor;2.0;96;Landébia;57.77;22096;27.36;71.22;1.42
22;Côtes-d'Armor;2.0;97;La Landec;63.16;22097;27.33;72.33;0.34
22;Côtes-d'Armor;2.0;103;Langrolay-sur-Rance;59.12;22103;43.38;55.88;0.74
22;Côtes-d'Armor;2.0;104;Languédias;53.33;22104;31.51;68.48;0.01
22;Côtes-d'Armor;2.0;105;Languenan;50.43;22105;26.57;72.95;0.48
22;Côtes-d'Armor;2.0;114;Lanrelas;56.73;22114;20.0;79.73;0.27
22;Côtes-d'Armor;2.0;118;Lanvallay;59.94;22118;27.88;71.51;0.61
22;Côtes-d'Armor;2.0;123;Léhon;58.38;22123;26.08;73.63;0.29
22;Côtes-d'Armor;2.0;143;Matignon;59.02;22143;28.3;71.1;0.6
22;Côtes-d'Armor;2.0;145;Mégrit;58.53;22145;26.33;73.36;0.31
22;Côtes-d'Armor;2.0;172;Plancoët;54.55;22172;34.91;64.69;0.4
22;Côtes-d'Armor;2.0;173;Planguenoual;58.27;22173;33.1;66.28;0.62
22;Côtes-d'Armor;2.0;174;Pléboulle;55.78;22174;29.72;69.67;0.61
22;Côtes-d'Armor;2.0;179;Fréhel;56.0;22179;27.29;71.99;0.72
22;Côtes-d'Armor;2.0;180;Plélan-le-Petit;56.98;22180;31.29;68.08;0.63
22;Côtes-d'Armor;2.0;186;Pléneuf-Val-André;61.7;22186;21.52;78.15;0.33
22;Côtes-d'Armor;2.0;190;Pleslin-Trigavou;52.63;22190;35.26;64.25;0.49
22;Côtes-d'Armor;2.0;197;Pleudihen-sur-Rance;58.28;22197;25.47;73.98;0.55
22;Côtes-d'Armor;2.0;200;Pléven;56.19;22200;36.87;62.7;0.43
22;Côtes-d'Armor;2.0;201;Plévenon;56.64;22201;31.09;67.51;1.4
22;Côtes-d'Armor;2.0;205;Plorec-sur-Arguenon;57.23;22205;30.66;68.82;0.52
22;Côtes-d'Armor;2.0;208;Plouasne;50.97;22208;31.12;68.21;0.67
22;Côtes-d'Armor;2.0;209;Beaussais-sur-Mer;56.86;22209;23.86;75.75;0.39
22;Côtes-d'Armor;2.0;213;Plouër-sur-Rance;56.96;22213;38.08;61.3;0.62
22;Côtes-d'Armor;2.0;237;Pluduno;61.43;22237;25.76;73.95;0.29
22;Côtes-d'Armor;2.0;239;Plumaudan;52.66;22239;38.62;61.14;0.24
22;Côtes-d'Armor;2.0;240;Plumaugat;56.68;22240;26.83;72.33;0.84
22;Côtes-d'Armor;2.0;242;Plurien;55.77;22242;28.45;70.25;1.3
22;Côtes-d'Armor;2.0;259;Quévert;55.14;22259;31.84;67.49;0.67
22;Côtes-d'Armor;2.0;263;Le Quiou;53.16;22263;43.36;56.65;0.0
22;Côtes-d'Armor;2.0;267;Rouillac;48.53;22267;31.82;68.18;0.0
22;Côtes-d'Armor;2.0;268;Ruca;51.5;22268;31.52;67.32;1.16
22;Côtes-d'Armor;2.0;273;Saint-Alban;58.06;22273;25.52;73.75;0.73
22;Côtes-d'Armor;2.0;274;Saint-André-des-Eaux;62.5;22274;45.82;52.91;1.27
22;Côtes-d'Armor;2.0;280;Saint-Carné;52.86;22280;31.82;67.05;1.13
22;Côtes-d'Armor;2.0;282;Saint-Cast-le-Guildo;58.48;22282;21.91;77.7;0.39
22;Côtes-d'Armor;2.0;286;Saint-Denoual;52.79;22286;21.7;78.31;0.0
22;Côtes-d'Armor;2.0;299;Saint-Hélen;53.19;22299;33.03;66.43;0.54
22;Côtes-d'Armor;2.0;302;Saint-Jacut-de-la-Mer;69.58;22302;22.95;76.44;0.61
22;Côtes-d'Armor;2.0;305;Saint-Jouan-de-l'Isle;47.58;22305;28.01;70.7;1.29
22;Côtes-d'Armor;2.0;306;Saint-Judoce;59.0;22306;22.78;76.44;0.78
22;Côtes-d'Armor;2.0;308;Saint-Juvat;56.1;22308;39.27;60.06;0.67
22;Côtes-d'Armor;2.0;311;Saint-Lormel;66.67;22311;32.13;67.65;0.22
22;Côtes-d'Armor;2.0;312;Saint-Maden;60.11;22312;31.82;68.19;0.0
22;Côtes-d'Armor;2.0;315;Saint-Maudez;58.33;22315;36.85;63.16;0.0
22;Côtes-d'Armor;2.0;317;Saint-Méloir-des-Bois;73.96;22317;20.42;79.58;0.0
22;Côtes-d'Armor;2.0;318;Saint-Michel-de-Plélan;60.25;22318;34.01;65.98;0.01
22;Côtes-d'Armor;2.0;323;Saint-Pôtan;61.33;22323;39.05;60.15;0.8
22;Côtes-d'Armor;2.0;327;Saint-Samson-sur-Rance;58.43;22327;33.43;66.57;0.0
22;Côtes-d'Armor;2.0;337;Sévignac;47.45;22337;25.64;74.1;0.26
22;Côtes-d'Armor;2.0;339;Taden;59.46;22339;30.55;69.05;0.4
22;Côtes-d'Armor;2.0;342;Trébédan;51.07;22342;37.77;62.25;0.0
22;Côtes-d'Armor;2.0;348;Trédias;50.27;22348;37.57;62.44;0.0
22;Côtes-d'Armor;2.0;352;Tréfumel;59.57;22352;27.74;72.27;0.0
22;Côtes-d'Armor;2.0;364;Trélivan;59.87;22364;31.68;68.17;0.15
22;Côtes-d'Armor;2.0;368;Tréméreuc;58.23;22368;28.87;70.83;0.3
22;Côtes-d'Armor;2.0;369;Trémeur;58.42;22369;26.47;72.35;1.18
22;Côtes-d'Armor;2.0;380;Trévron;48.98;22380;37.64;61.6;0.76
22;Côtes-d'Armor;2.0;385;La Vicomté-sur-Rance;55.13;22385;36.96;63.03;0.01
22;Côtes-d'Armor;2.0;388;Vildé-Guingalan;51.9;22388;33.19;66.81;0.0
22;Côtes-d'Armor;2.0;391;Yvignac-la-Tour;50.39;22391;31.71;68.06;0.23
22;Côtes-d'Armor;3.0;1;Allineuc;63.42;22001;14.61;85.02;0.37
22;Côtes-d'Armor;3.0;2;Andel;63.84;22002;13.85;85.8;0.35
22;Côtes-d'Armor;3.0;9;Le Bodéo;62.5;22009;11.25;87.5;1.25
22;Côtes-d'Armor;3.0;15;Bréhand;55.16;22015;14.79;84.5;0.71
22;Côtes-d'Armor;3.0;27;Le Cambout;58.4;22027;9.13;90.41;0.46
22;Côtes-d'Armor;3.0;33;Caurel;65.45;22033;16.67;83.33;0.0
22;Côtes-d'Armor;3.0;39;La Chèze;56.03;22039;19.41;79.33;1.26
22;Côtes-d'Armor;3.0;43;Coëtlogon;70.3;22043;9.48;89.65;0.87
22;Côtes-d'Armor;3.0;44;Coëtmieux;58.67;22044;14.19;85.55;0.26
22;Côtes-d'Armor;3.0;46;Le Mené;55.83;22046;15.08;84.63;0.29
22;Côtes-d'Armor;3.0;47;Corlay;64.44;22047;12.47;87.52;0.01
22;Côtes-d'Armor;3.0;59;Le Foeil;60.33;22059;17.59;82.26;0.15
22;Côtes-d'Armor;3.0;60;Gausson;63.01;22060;12.59;86.13;1.28
22;Côtes-d'Armor;3.0;62;Gomené;56.86;22062;18.29;80.16;1.55
22;Côtes-d'Armor;3.0;68;Grâce-Uzel;63.67;22068;11.12;87.88;1.0
22;Côtes-d'Armor;3.0;73;La Harmoye;64.29;22073;19.58;79.89;0.53
22;Côtes-d'Armor;3.0;74;Le Haut-Corlay;70.72;22074;9.14;90.86;0.0
22;Côtes-d'Armor;3.0;75;Hémonstoir;53.28;22075;8.61;90.17;1.22
22;Côtes-d'Armor;3.0;79;Hénon;57.74;22079;17.03;82.75;0.22
22;Côtes-d'Armor;3.0;83;Illifaut;63.01;22083;9.17;89.3;1.53
22;Côtes-d'Armor;3.0;84;Jugon-les-Lacs - Commune nouvelle;57.87;22084;22.21;76.81;0.98
22;Côtes-d'Armor;3.0;93;Lamballe;62.23;22093;15.92;83.59;0.49
22;Côtes-d'Armor;3.0;98;Landéhen;57.59;22098;15.93;83.71;0.36
22;Côtes-d'Armor;3.0;99;Lanfains;63.43;22099;17.9;81.71;0.39
22;Côtes-d'Armor;3.0;100;Langast;62.96;22100;8.5;91.51;0.0
22;Côtes-d'Armor;3.0;122;Laurenan;56.08;22122;12.94;86.41;0.65
22;Côtes-d'Armor;3.0;126;Le Leslay;67.8;22126;12.5;81.25;6.25
22;Côtes-d'Armor;3.0;133;Loscouët-sur-Meu;54.4;22133;10.52;88.71;0.77
22;Côtes-d'Armor;3.0;136;Loudéac;54.75;22136;16.68;82.89;0.43
22;Côtes-d'Armor;3.0;140;La Malhoure;57.89;22140;15.02;84.19;0.79
22;Côtes-d'Armor;3.0;147;Merdrignac;60.99;22147;10.6;89.01;0.39
22;Côtes-d'Armor;3.0;148;Mérillac;69.23;22148;13.5;85.71;0.79
22;Côtes-d'Armor;3.0;149;Merléac;60.11;22149;21.23;78.76;0.01
22;Côtes-d'Armor;3.0;153;Moncontour;60.59;22153;21.55;78.46;0.0
22;Côtes-d'Armor;3.0;154;Morieux;57.16;22154;21.64;77.91;0.45
22;Côtes-d'Armor;3.0;155;La Motte;60.0;22155;14.2;85.27;0.53
22;Côtes-d'Armor;3.0;158;Guerlédan;64.56;22158;15.79;83.73;0.48
22;Côtes-d'Armor;3.0;160;Noyal;66.19;22160;18.54;81.26;0.2
22;Côtes-d'Armor;3.0;165;Penguily;53.45;22165;19.36;80.24;0.4
22;Côtes-d'Armor;3.0;170;Plaine-Haute;55.02;22170;19.01;79.92;1.07
22;Côtes-d'Armor;3.0;171;Plaintel;57.82;22171;19.77;79.48;0.75
22;Côtes-d'Armor;3.0;175;Plédéliac;59.68;22175;19.15;80.69;0.16
22;Côtes-d'Armor;3.0;183;Les Moulins;58.38;22183;14.59;84.89;0.52
22;Côtes-d'Armor;3.0;184;Plémy;59.0;22184;12.57;87.01;0.42
22;Côtes-d'Armor;3.0;185;Plénée-Jugon;58.69;22185;17.57;82.14;0.29
22;Côtes-d'Armor;3.0;193;Plestan;55.03;22193;19.85;79.39;0.76
22;Côtes-d'Armor;3.0;203;Ploeuc-L'Hermitage;60.05;22203;16.19;82.87;0.94
22;Côtes-d'Armor;3.0;219;Plouguenast;63.05;22219;12.54;86.64;0.82
22;Côtes-d'Armor;3.0;241;Plumieux;58.45;22241;10.59;89.41;0.0
22;Côtes-d'Armor;3.0;244;Plussulien;73.06;22244;15.21;84.79;0.0
22;Côtes-d'Armor;3.0;246;Pommeret;52.8;22246;17.15;81.73;1.12
22;Côtes-d'Armor;3.0;255;La Prénessaye;60.47;22255;10.34;88.83;0.83
22;Côtes-d'Armor;3.0;258;Quessoy;54.37;22258;16.51;82.67;0.82
22;Côtes-d'Armor;3.0;260;Le Quillio;69.35;22260;8.59;90.98;0.43
22;Côtes-d'Armor;3.0;261;Quintenic;53.74;22261;21.19;78.14;0.67
22;Côtes-d'Armor;3.0;262;Quintin;62.49;22262;17.55;81.74;0.71
22;Côtes-d'Armor;3.0;275;Saint-Barnabé;62.18;22275;19.09;80.23;0.68
22;Côtes-d'Armor;3.0;276;Saint-Bihy;67.84;22276;17.24;82.76;0.0
22;Côtes-d'Armor;3.0;277;Saint-Brandan;62.77;22277;15.95;83.47;0.58
22;Côtes-d'Armor;3.0;279;Saint-Caradec;57.23;22279;18.88;80.28;0.84
22;Côtes-d'Armor;3.0;281;Saint-Carreuc;54.73;22281;23.42;76.09;0.49
22;Côtes-d'Armor;3.0;285;Saint-Connec;67.26;22285;16.67;83.33;0.0
22;Côtes-d'Armor;3.0;288;Saint-Etienne-du-Gué-de-l'Isle;65.4;22288;10.06;89.95;0.0
22;Côtes-d'Armor;3.0;291;Saint-Gildas;60.51;22291;9.33;90.67;0.0
22;Côtes-d'Armor;3.0;295;Saint-Gilles-Vieux-Marché;67.84;22295;19.08;80.92;0.0
22;Côtes-d'Armor;3.0;296;Saint-Glen;58.01;22296;20.29;79.72;0.0
22;Côtes-d'Armor;3.0;300;Saint-Hervé;56.04;22300;16.77;82.64;0.59
22;Côtes-d'Armor;3.0;309;Saint-Launeuc;58.79;22309;13.4;84.53;2.07
22;Côtes-d'Armor;3.0;313;Saint-Martin-des-Prés;68.6;22313;11.85;88.13;0.02
22;Côtes-d'Armor;3.0;314;Saint-Maudan;48.89;22314;16.24;83.12;0.64
22;Côtes-d'Armor;3.0;316;Saint-Mayeux;70.4;22316;15.48;83.62;0.9
22;Côtes-d'Armor;3.0;326;Saint-Rieul;55.92;22326;14.78;84.24;0.98
22;Côtes-d'Armor;3.0;330;Saint-Thélo;54.6;22330;6.74;92.69;0.57
22;Côtes-d'Armor;3.0;332;Saint-Trimoël;57.92;22332;12.27;87.26;0.47
22;Côtes-d'Armor;3.0;333;Saint-Vran;54.19;22333;14.8;85.19;0.01
22;Côtes-d'Armor;3.0;341;Tramain;60.12;22341;22.01;76.7;1.29
22;Côtes-d'Armor;3.0;345;Trébry;59.83;22345;22.84;76.61;0.55
22;Côtes-d'Armor;3.0;346;Trédaniel;64.46;22346;18.31;81.48;0.21
22;Côtes-d'Armor;3.0;371;Trémorel;59.28;22371;8.35;91.44;0.21
22;Côtes-d'Armor;3.0;376;Trévé;59.86;22376;14.16;85.4;0.44
22;Côtes-d'Armor;3.0;384;Uzel;62.62;22384;15.99;83.79;0.22
22;Côtes-d'Armor;3.0;386;Le Vieux-Bourg;62.16;22386;11.8;87.88;0.32
22;Côtes-d'Armor;4.0;4;Bégard;52.72;22004;53.76;45.57;0.67
22;Côtes-d'Armor;4.0;5;Belle-Isle-en-Terre;65.86;22005;58.95;40.25;0.8
22;Côtes-d'Armor;4.0;13;Bourbriac;51.99;22013;42.58;55.76;1.66
22;Côtes-d'Armor;4.0;19;Bringolo;56.05;22019;35.79;64.2;0.01
22;Côtes-d'Armor;4.0;23;Bulat-Pestivien;59.81;22023;46.24;51.62;2.14
22;Côtes-d'Armor;4.0;24;Calanhel;57.84;22024;44.86;54.2;0.94
22;Côtes-d'Armor;4.0;25;Callac;60.3;22025;40.29;58.36;1.35
22;Côtes-d'Armor;4.0;29;Canihuel;59.01;22029;28.74;70.66;0.6
22;Côtes-d'Armor;4.0;31;Carnoët;59.55;22031;35.23;63.49;1.28
22;Côtes-d'Armor;4.0;37;La Chapelle-Neuve;56.21;22037;46.39;53.04;0.57
22;Côtes-d'Armor;4.0;40;Coadout;58.26;22040;52.35;47.63;0.02
22;Côtes-d'Armor;4.0;52;Duault;66.04;22052;40.0;58.29;1.71
22;Côtes-d'Armor;4.0;57;Le Faouët;58.74;22057;35.45;63.91;0.64
22;Côtes-d'Armor;4.0;61;Glomel;52.55;22061;46.88;52.25;0.87
22;Côtes-d'Armor;4.0;63;Gommenec'h;47.37;22063;42.51;57.01;0.48
22;Côtes-d'Armor;4.0;64;Gouarec;57.91;22064;39.25;58.7;2.05
22;Côtes-d'Armor;4.0;65;Goudelin;59.66;22065;31.37;68.38;0.25
22;Côtes-d'Armor;4.0;67;Grâces;54.37;22067;39.47;59.88;0.65
22;Côtes-d'Armor;4.0;70;Guingamp;53.45;22070;44.63;54.79;0.58
22;Côtes-d'Armor;4.0;72;Gurunhuel;53.94;22072;55.61;43.82;0.57
22;Côtes-d'Armor;4.0;87;Kergrist-Moëlou;50.11;22087;55.55;44.02;0.43
22;Côtes-d'Armor;4.0;88;Kerien;64.36;22088;38.84;61.16;0.0
22;Côtes-d'Armor;4.0;91;Kermoroc'h;47.77;22091;45.33;54.66;0.01
22;Côtes-d'Armor;4.0;92;Kerpert;55.32;22092;43.07;56.16;0.77
22;Côtes-d'Armor;4.0;95;Landebaëron;66.88;22095;47.62;52.38;0.0
22;Côtes-d'Armor;4.0;107;Bon Repos sur Blavet;59.37;22107;50.77;47.52;1.71
22;Côtes-d'Armor;4.0;112;Lannebert;53.89;22112;42.24;56.68;1.08
22;Côtes-d'Armor;4.0;115;Lanrivain;61.38;22115;48.37;51.64;0.0
22;Côtes-d'Armor;4.0;116;Lanrodec;53.4;22116;41.83;58.18;0.0
22;Côtes-d'Armor;4.0;119;Lanvellec;60.45;22119;52.9;45.42;1.68
22;Côtes-d'Armor;4.0;121;Lanvollon;55.51;22121;32.09;67.05;0.86
22;Côtes-d'Armor;4.0;124;Lescouët-Gouarec;53.9;22124;63.16;35.53;1.31
22;Côtes-d'Armor;4.0;128;Locarn;64.36;22128;40.33;59.68;0.0
22;Côtes-d'Armor;4.0;129;Loc-Envel;58.11;22129;83.71;16.29;0.0
22;Côtes-d'Armor;4.0;131;Loguivy-Plougras;59.14;22131;41.04;58.49;0.47
22;Côtes-d'Armor;4.0;132;Lohuec;54.5;22132;36.53;63.48;0.0
22;Côtes-d'Armor;4.0;135;Louargat;54.56;22135;50.91;48.35;0.74
22;Côtes-d'Armor;4.0;137;Maël-Carhaix;57.94;22137;49.84;49.83;0.33
22;Côtes-d'Armor;4.0;138;Maël-Pestivien;53.28;22138;47.26;51.35;1.39
22;Côtes-d'Armor;4.0;139;Magoar;66.67;22139;44.23;51.92;3.85
22;Côtes-d'Armor;4.0;146;Mellionnec;58.26;22146;59.36;39.56;1.08
22;Côtes-d'Armor;4.0;150;Le Merzer;56.46;22150;37.11;62.42;0.47
22;Côtes-d'Armor;4.0;156;Moustéru;62.9;22156;53.22;46.78;0.0
22;Côtes-d'Armor;4.0;157;Le Moustoir;49.37;22157;34.32;65.26;0.42
22;Côtes-d'Armor;4.0;161;Pabu;58.97;22161;39.01;60.59;0.4
22;Côtes-d'Armor;4.0;163;Paule;51.96;22163;43.78;55.09;1.13
22;Côtes-d'Armor;4.0;164;Pédernec;54.43;22164;49.19;50.27;0.54
22;Côtes-d'Armor;4.0;169;Peumerit-Quintin;65.77;22169;56.17;42.47;1.36
22;Côtes-d'Armor;4.0;177;Pléguien;62.05;22177;38.68;60.81;0.51
22;Côtes-d'Armor;4.0;181;Plélauff;56.27;22181;55.07;44.59;0.34
22;Côtes-d'Armor;4.0;189;Plésidy;53.06;22189;38.45;61.1;0.45
22;Côtes-d'Armor;4.0;194;Plestin-les-Grèves;61.26;22194;40.9;58.44;0.66
22;Côtes-d'Armor;4.0;202;Plévin;53.14;22202;40.19;59.12;0.69
22;Côtes-d'Armor;4.0;206;Plouagat;55.92;22206;38.8;60.37;0.83
22;Côtes-d'Armor;4.0;207;Plouaret;59.1;22207;45.63;53.85;0.52
22;Côtes-d'Armor;4.0;216;Plougonver;60.26;22216;61.1;38.6;0.3
22;Côtes-d'Armor;4.0;217;Plougras;50.84;22217;53.03;46.96;0.01
22;Côtes-d'Armor;4.0;220;Plouguernével;62.3;22220;56.19;43.2;0.61
22;Côtes-d'Armor;4.0;223;Plouisy;57.45;22223;42.43;57.19;0.38
22;Côtes-d'Armor;4.0;225;Ploumagoar;56.9;22225;43.45;56.53;0.02
22;Côtes-d'Armor;4.0;226;Ploumilliau;58.52;22226;38.73;60.66;0.61
22;Côtes-d'Armor;4.0;227;Plounérin;52.41;22227;51.48;48.52;0.0
22;Côtes-d'Armor;4.0;228;Plounévez-Moëdec;55.38;22228;56.54;41.83;1.63
22;Côtes-d'Armor;4.0;229;Plounévez-Quintin;49.88;22229;47.98;51.07;0.95
22;Côtes-d'Armor;4.0;231;Plourac'h;64.82;22231;37.82;60.98;1.2
22;Côtes-d'Armor;4.0;235;Plouzélambre;57.36;22235;45.11;53.98;0.91
22;Côtes-d'Armor;4.0;238;Plufur;59.78;22238;44.98;54.65;0.37
22;Côtes-d'Armor;4.0;243;Plusquellec;63.7;22243;50.01;49.63;0.36
22;Côtes-d'Armor;4.0;245;Pluzunet;57.63;22245;51.35;47.97;0.68
22;Côtes-d'Armor;4.0;248;Pommerit-le-Vicomte;58.08;22248;42.41;57.11;0.48
22;Côtes-d'Armor;4.0;249;Pont-Melvez;50.5;22249;40.79;59.2;0.01
22;Côtes-d'Armor;4.0;266;Rostrenen;57.42;22266;48.07;50.79;1.14
22;Côtes-d'Armor;4.0;271;Saint-Adrien;52.27;22271;48.55;51.44;0.01
22;Côtes-d'Armor;4.0;272;Saint-Agathon;53.45;22272;37.6;61.73;0.67
22;Côtes-d'Armor;4.0;284;Saint-Connan;50.68;22284;55.86;43.24;0.9
22;Côtes-d'Armor;4.0;289;Saint-Fiacre;46.7;22289;45.65;54.36;0.0
22;Côtes-d'Armor;4.0;294;Saint-Gilles-Pligeaux;62.09;22294;49.62;48.85;1.53
22;Côtes-d'Armor;4.0;304;Saint-Jean-Kerdaniel;63.16;22304;46.04;53.57;0.39
22;Côtes-d'Armor;4.0;310;Saint-Laurent;57.45;22310;57.88;42.13;0.0
22;Côtes-d'Armor;4.0;319;Saint-Michel-en-Grève;61.3;22319;43.63;56.36;0.01
22;Côtes-d'Armor;4.0;320;Saint-Nicodème;65.35;22320;51.8;48.2;0.0
22;Côtes-d'Armor;4.0;321;Saint-Nicolas-du-Pélem;55.72;22321;43.71;55.86;0.43
22;Côtes-d'Armor;4.0;322;Saint-Péver;52.63;22322;38.67;60.67;0.66
22;Côtes-d'Armor;4.0;328;Saint-Servais;67.34;22328;50.0;48.0;2.0
22;Côtes-d'Armor;4.0;331;Sainte-Tréphine;51.35;22331;38.17;61.84;0.0
22;Côtes-d'Armor;4.0;334;Saint-Igeaux;64.76;22334;44.11;52.94;2.95
22;Côtes-d'Armor;4.0;335;Senven-Léhart;54.4;22335;37.14;62.86;0.0
22;Côtes-d'Armor;4.0;338;Squiffiec;52.01;22338;44.59;55.11;0.3
22;Côtes-d'Armor;4.0;340;Tonquédec;56.54;22340;51.98;47.04;0.98
22;Côtes-d'Armor;4.0;344;Trébrivan;57.87;22344;51.78;47.57;0.65
22;Côtes-d'Armor;4.0;349;Trédrez-Locquémeau;60.77;22349;47.31;52.13;0.56
22;Côtes-d'Armor;4.0;350;Tréduder;63.64;22350;48.74;51.25;0.01
22;Côtes-d'Armor;4.0;351;Treffrin;55.76;22351;41.32;57.85;0.83
22;Côtes-d'Armor;4.0;354;Tréglamus;52.23;22354;49.09;49.87;1.04
22;Côtes-d'Armor;4.0;358;Trégonneau;60.4;22358;53.28;46.73;0.0
22;Côtes-d'Armor;4.0;359;Trégrom;50.15;22359;52.44;46.34;1.22
22;Côtes-d'Armor;4.0;361;Tréguidel;57.74;22361;34.36;64.26;1.38
22;Côtes-d'Armor;4.0;365;Trémargat;65.32;22365;86.72;13.26;0.02
22;Côtes-d'Armor;4.0;366;Trémel;55.43;22366;38.7;59.82;1.48
22;Côtes-d'Armor;4.0;370;Tréméven;59.8;22370;36.68;62.22;1.1
22;Côtes-d'Armor;4.0;373;Tréogan;61.9;22373;36.54;63.46;0.0
22;Côtes-d'Armor;4.0;375;Tressignaux;64.35;22375;45.77;53.64;0.59
22;Côtes-d'Armor;4.0;378;Trévérec;60.24;22378;36.0;61.0;3.0
22;Côtes-d'Armor;4.0;387;Le Vieux-Marché;57.86;22387;51.73;48.27;0.0
22;Côtes-d'Armor;5.0;6;Berhet;46.2;22006;23.29;76.71;0.0
22;Côtes-d'Armor;5.0;16;Ile-de-Bréhat;61.71;22016;17.52;81.74;0.74
22;Côtes-d'Armor;5.0;18;Brélidy;53.72;22018;25.39;73.85;0.76
22;Côtes-d'Armor;5.0;28;Camlez;54.99;22028;29.69;69.15;1.16
22;Côtes-d'Armor;5.0;30;Caouënnec-Lanvézéac;57.21;22030;37.4;60.94;1.66
22;Côtes-d'Armor;5.0;34;Cavan;59.71;22034;31.16;67.49;1.35
22;Côtes-d'Armor;5.0;41;Coatascorn;60.12;22041;34.63;65.38;0.0
22;Côtes-d'Armor;5.0;42;Coatréven;52.56;22042;23.9;73.18;2.92
22;Côtes-d'Armor;5.0;55;Binic - Etables-sur-Mer;57.63;22055;24.44;74.37;1.19
22;Côtes-d'Armor;5.0;78;Hengoat;60.49;22078;33.67;66.32;0.01
22;Côtes-d'Armor;5.0;85;Kerbors;56.29;22085;39.13;60.24;0.63
22;Côtes-d'Armor;5.0;86;Kerfot;53.1;22086;18.72;80.56;0.72
22;Côtes-d'Armor;5.0;90;Kermaria-Sulard;52.83;22090;32.79;66.98;0.23
22;Côtes-d'Armor;5.0;101;Langoat;53.33;22101;27.31;71.84;0.85
22;Côtes-d'Armor;5.0;108;Lanleff;66.35;22108;39.13;57.97;2.9
22;Côtes-d'Armor;5.0;109;Lanloup;70.77;22109;21.73;77.54;0.73
22;Côtes-d'Armor;5.0;110;Lanmérin;51.3;22110;33.86;64.65;1.49
22;Côtes-d'Armor;5.0;111;Lanmodez;62.57;22111;31.89;67.25;0.86
22;Côtes-d'Armor;5.0;113;Lannion;55.22;22113;38.91;60.12;0.97
22;Côtes-d'Armor;5.0;117;Lantic;56.59;22117;33.42;65.27;1.31
22;Côtes-d'Armor;5.0;127;Lézardrieux;58.2;22127;24.88;75.01;0.11
22;Côtes-d'Armor;5.0;134;Louannec;62.13;22134;24.67;74.65;0.68
22;Côtes-d'Armor;5.0;141;Mantallot;55.28;22141;30.33;69.66;0.01
22;Côtes-d'Armor;5.0;152;Minihy-Tréguier;60.53;22152;28.49;70.74;0.77
22;Côtes-d'Armor;5.0;162;Paimpol;57.86;22162;25.24;74.21;0.55
22;Côtes-d'Armor;5.0;166;Penvénan;57.38;22166;28.61;70.6;0.79
22;Côtes-d'Armor;5.0;168;Perros-Guirec;55.92;22168;23.03;75.98;0.99
22;Côtes-d'Armor;5.0;178;Pléhédel;57.34;22178;27.0;72.66;0.34
22;Côtes-d'Armor;5.0;195;Pleubian;54.69;22195;30.36;68.88;0.76
22;Côtes-d'Armor;5.0;196;Pleudaniel;57.38;22196;38.83;60.92;0.25
22;Côtes-d'Armor;5.0;198;Pleumeur-Bodou;59.7;22198;33.6;65.11;1.29
22;Côtes-d'Armor;5.0;199;Pleumeur-Gautier;57.77;22199;49.74;49.38;0.88
22;Côtes-d'Armor;5.0;204;Ploëzal;58.14;22204;32.23;66.37;1.4
22;Côtes-d'Armor;5.0;210;Ploubazlanec;59.54;22210;25.93;73.65;0.42
22;Côtes-d'Armor;5.0;211;Ploubezre;53.82;22211;34.8;64.07;1.13
22;Côtes-d'Armor;5.0;212;Plouëc-du-Trieux;57.83;22212;35.16;63.16;1.68
22;Côtes-d'Armor;5.0;214;Plouézec;55.44;22214;29.52;69.57;0.91
22;Côtes-d'Armor;5.0;218;Plougrescant;54.55;22218;30.58;68.8;0.62
22;Côtes-d'Armor;5.0;221;Plouguiel;56.08;22221;34.31;64.91;0.78
22;Côtes-d'Armor;5.0;222;Plouha;55.48;22222;30.94;68.27;0.79
22;Côtes-d'Armor;5.0;224;Ploulec'h;60.97;22224;34.76;64.02;1.22
22;Côtes-d'Armor;5.0;232;Plourhan;57.61;22232;24.79;74.05;1.16
22;Côtes-d'Armor;5.0;233;Plourivo;55.62;22233;28.56;70.82;0.62
22;Côtes-d'Armor;5.0;236;Pludual;51.91;22236;28.77;69.83;1.4
22;Côtes-d'Armor;5.0;247;Pommerit-Jaudy;50.61;22247;29.91;69.38;0.71
22;Côtes-d'Armor;5.0;250;Pontrieux;53.5;22250;28.0;69.36;2.64
22;Côtes-d'Armor;5.0;253;Pouldouran;62.5;22253;35.0;65.0;0.0
22;Côtes-d'Armor;5.0;254;Prat;54.83;22254;33.34;64.95;1.71
22;Côtes-d'Armor;5.0;256;Quemper-Guézennec;56.14;22256;24.9;73.88;1.22
22;Côtes-d'Armor;5.0;257;Quemperven;56.85;22257;33.73;65.65;0.62
22;Côtes-d'Armor;5.0;264;La Roche-Derrien;60.33;22264;34.45;65.13;0.42
22;Côtes-d'Armor;5.0;265;Rospez;57.25;22265;29.6;69.64;0.76
22;Côtes-d'Armor;5.0;269;Runan;64.67;22269;46.22;52.94;0.84
22;Côtes-d'Armor;5.0;283;Saint-Clet;55.81;22283;40.35;59.13;0.52
22;Côtes-d'Armor;5.0;293;Saint-Gilles-les-Bois;49.84;22293;36.13;63.87;0.0
22;Côtes-d'Armor;5.0;324;Saint-Quay-Perros;60.4;22324;26.82;72.21;0.97
22;Côtes-d'Armor;5.0;325;Saint-Quay-Portrieux;54.98;22325;20.06;78.47;1.47
22;Côtes-d'Armor;5.0;343;Trébeurden;56.85;22343;29.55;69.63;0.82
22;Côtes-d'Armor;5.0;347;Trédarzec;57.38;22347;37.14;61.51;1.35
22;Côtes-d'Armor;5.0;353;Trégastel;60.56;22353;23.92;75.43;0.65
22;Côtes-d'Armor;5.0;362;Tréguier;58.55;22362;34.36;64.88;0.76
22;Côtes-d'Armor;5.0;363;Trélévern;61.54;22363;31.48;67.59;0.93
22;Côtes-d'Armor;5.0;377;Tréveneuc;58.89;22377;31.77;66.45;1.78
22;Côtes-d'Armor;5.0;379;Trévou-Tréguignec;58.36;22379;32.57;66.76;0.67
22;Côtes-d'Armor;5.0;381;Trézény;56.02;22381;24.16;75.17;0.67
22;Côtes-d'Armor;5.0;383;Troguéry;61.03;22383;42.02;57.98;0.0
22;Côtes-d'Armor;5.0;390;Yvias;58.96;22390;24.17;74.32;1.51
29;Finistère;1.0;6;Bénodet;60.9;29006;21.96;77.17;0.87
29;Finistère;1.0;20;Briec;52.78;29020;38.42;60.87;0.71
29;Finistère;1.0;32;Clohars-Fouesnant;60.19;29032;25.92;73.79;0.29
29;Finistère;1.0;48;Edern;53.71;29048;36.07;62.91;1.02
29;Finistère;1.0;51;Ergué-Gabéric;55.94;29051;40.71;58.95;0.34
29;Finistère;1.0;57;La Forêt-Fouesnant;59.03;29057;26.88;72.61;0.51
29;Finistère;1.0;58;Fouesnant;58.24;29058;29.32;69.89;0.79
29;Finistère;1.0;60;Gouesnach;59.46;29060;31.96;67.74;0.3
29;Finistère;1.0;106;Landrévarzec;57.89;29106;40.97;58.62;0.41
29;Finistère;1.0;107;Landudal;59.19;29107;40.01;59.54;0.45
29;Finistère;1.0;110;Langolen;49.92;29110;38.13;61.56;0.31
29;Finistère;1.0;161;Pleuven;56.88;29161;35.46;63.87;0.67
29;Finistère;1.0;170;Plomelin;54.6;29170;34.99;64.26;0.75
29;Finistère;1.0;216;Pluguffan;59.64;29216;32.93;66.56;0.51
29;Finistère;1.0;232;Quimper;54.58;29232;41.04;58.35;0.61
29;Finistère;1.0;247;Saint-Evarzec;57.0;29247;37.22;62.28;0.5
29;Finistère;2.0;11;Bohars;58.27;29011;29.7;68.39;1.91
29;Finistère;2.0;19;Brest;49.37;29019;37.43;60.45;2.12
29;Finistère;2.0;61;Gouesnou;56.31;29061;29.25;69.08;1.67
29;Finistère;2.0;69;Guilers;56.78;29069;27.42;70.5;2.08
29;Finistère;3.0;15;Bourg-Blanc;52.97;29015;34.4;64.35;1.25
29;Finistère;3.0;17;Brélès;63.42;29017;27.67;69.74;2.59
29;Finistère;3.0;19;Brest;46.28;29019;38.42;59.83;1.75
29;Finistère;3.0;35;Coat-Méal;55.93;29035;33.58;65.66;0.76
29;Finistère;3.0;40;Le Conquet;57.64;29040;23.23;75.35;1.42
29;Finistère;3.0;47;Le Drennec;55.45;29047;30.82;67.7;1.48
29;Finistère;3.0;76;Milizac-Guipronvel;56.78;29076;28.99;69.59;1.42
29;Finistère;3.0;84;Ile-Molène;53.26;29084;28.39;68.4;3.21
29;Finistère;3.0;93;Kernilis;52.28;29093;29.96;67.62;2.42
29;Finistère;3.0;95;Kersaint-Plabennec;51.51;29095;28.06;70.56;1.38
29;Finistère;3.0;98;Lampaul-Plouarzel;64.14;29098;27.82;70.89;1.29
29;Finistère;3.0;99;Lampaul-Ploudalmézeau;56.48;29099;34.13;64.27;1.6
29;Finistère;3.0;100;Lanarvily;64.67;29100;37.12;60.31;2.57
29;Finistère;3.0;109;Landunvez;59.22;29109;27.55;70.47;1.98
29;Finistère;3.0;112;Lanildut;61.69;29112;30.37;68.08;1.55
29;Finistère;3.0;119;Lanrivoaré;56.62;29119;25.27;72.51;2.22
29;Finistère;3.0;126;Loc-Brévalaire;67.95;29126;25.47;69.81;4.72
29;Finistère;3.0;130;Locmaria-Plouzané;56.54;29130;31.12;67.2;1.68
29;Finistère;3.0;160;Plabennec;60.03;29160;42.52;56.15;1.33
29;Finistère;3.0;177;Plouarzel;57.61;29177;21.69;77.3;1.01
29;Finistère;3.0;178;Ploudalmézeau;54.87;29178;25.25;70.57;4.18
29;Finistère;3.0;190;Plougonvelin;58.36;29190;25.8;73.08;1.12
29;Finistère;3.0;196;Plouguin;51.84;29196;29.64;67.99;2.37
29;Finistère;3.0;201;Ploumoguer;56.58;29201;27.03;71.22;1.75
29;Finistère;3.0;208;Plourin;57.89;29208;24.31;72.94;2.75
29;Finistère;3.0;209;Plouvien;55.51;29209;32.24;65.96;1.8
29;Finistère;3.0;212;Plouzané;52.11;29212;34.93;63.78;1.29
29;Finistère;3.0;221;Porspoder;60.67;29221;27.94;71.16;0.9
29;Finistère;3.0;257;Saint-Pabu;55.5;29257;27.95;69.44;2.61
29;Finistère;3.0;260;Saint-Renan;53.0;29260;27.67;70.82;1.51
29;Finistère;3.0;282;Trébabu;57.88;29282;24.68;73.41;1.91
29;Finistère;3.0;299;Tréouergat;59.92;29299;34.47;62.17;3.36
29;Finistère;4.0;14;Botsorhel;68.56;29014;42.15;57.03;0.82
29;Finistère;4.0;23;Carantec;62.62;29023;18.82;79.85;1.33
29;Finistère;4.0;30;Cléder;55.28;29030;18.77;80.54;0.69
29;Finistère;4.0;34;Le Cloître-Saint-Thégonnec;54.78;29034;46.52;51.95;1.53
29;Finistère;4.0;38;Commana;51.97;29038;38.06;60.76;1.18
29;Finistère;4.0;59;Garlan;59.42;29059;39.5;58.26;2.24
29;Finistère;4.0;67;Guerlesquin;58.02;29067;30.64;68.32;1.04
29;Finistère;4.0;68;Guiclan;57.04;29068;26.35;72.94;0.71
29;Finistère;4.0;73;Guimaëc;61.11;29073;42.98;55.17;1.85
29;Finistère;4.0;79;Henvic;58.14;29079;29.94;69.4;0.66
29;Finistère;4.0;82;Ile-de-Batz;54.49;29082;26.11;73.48;0.41
29;Finistère;4.0;113;Lanmeur;56.1;29113;41.41;57.55;1.04
29;Finistère;4.0;114;Lannéanou;55.47;29114;46.05;52.64;1.31
29;Finistère;4.0;116;Lanneuffret;62.39;29116;35.29;61.76;2.95
29;Finistère;4.0;128;Loc-Eguiner;64.62;29128;14.29;85.72;0.0
29;Finistère;4.0;131;Locmélar;63.87;29131;17.19;81.91;0.9
29;Finistère;4.0;132;Locquénolé;66.94;29132;35.52;64.24;0.24
29;Finistère;4.0;133;Locquirec;59.35;29133;32.09;67.29;0.62
29;Finistère;4.0;144;La Martyre;50.46;29144;27.48;70.71;1.81
29;Finistère;4.0;148;Mespaul;55.19;29148;21.51;77.43;1.06
29;Finistère;4.0;151;Morlaix;53.56;29151;41.58;57.13;1.29
29;Finistère;4.0;163;Pleyber-Christ;55.64;29163;39.02;60.44;0.54
29;Finistère;4.0;180;Ploudiry;55.04;29180;30.73;68.19;1.08
29;Finistère;4.0;182;Plouégat-Guerrand;54.67;29182;44.34;55.65;0.01
29;Finistère;4.0;183;Plouégat-Moysan;56.03;29183;42.05;57.95;0.0
29;Finistère;4.0;184;Plouénan;54.64;29184;18.43;80.92;0.65
29;Finistère;4.0;186;Plouézoc'h;64.53;29186;39.33;59.67;1.0
29;Finistère;4.0;188;Plougasnou;62.52;29188;35.86;63.22;0.92
29;Finistère;4.0;191;Plougonven;55.84;29191;43.65;55.66;0.69
29;Finistère;4.0;192;Plougoulm;58.51;29192;21.5;78.25;0.25
29;Finistère;4.0;199;Plouigneau;55.94;29199;37.42;61.18;1.4
29;Finistère;4.0;202;Plounéour-Ménez;54.33;29202;50.19;48.43;1.38
29;Finistère;4.0;207;Plourin-lès-Morlaix;58.86;29207;40.27;58.92;0.81
29;Finistère;4.0;210;Plouvorn;52.91;29210;16.48;82.75;0.77
29;Finistère;4.0;213;Plouzévédé;52.07;29213;19.24;79.85;0.91
29;Finistère;4.0;219;Le Ponthou;67.59;29219;36.99;63.02;0.0
29;Finistère;4.0;237;La Roche-Maurice;56.44;29237;36.19;62.03;1.78
29;Finistère;4.0;239;Roscoff;60.88;29239;19.58;79.63;0.79
29;Finistère;4.0;251;Saint-Jean-du-Doigt;64.46;29251;44.01;54.58;1.41
29;Finistère;4.0;254;Saint-Martin-des-Champs;57.8;29254;37.58;61.63;0.79
29;Finistère;4.0;259;Saint-Pol-de-Léon;53.68;29259;23.35;76.03;0.62
29;Finistère;4.0;262;Saint-Sauveur;50.82;29262;28.22;70.0;1.78
29;Finistère;4.0;265;Sainte-Sève;62.8;29265;36.55;62.05;1.4
29;Finistère;4.0;266;Saint-Thégonnec Loc-Eguiner;54.41;29266;27.45;71.09;1.46
29;Finistère;4.0;271;Saint-Vougay;55.72;29271;14.73;84.22;1.05
29;Finistère;4.0;273;Santec;58.27;29273;27.97;71.5;0.53
29;Finistère;4.0;276;Sibiril;61.85;29276;27.63;71.71;0.66
29;Finistère;4.0;277;Sizun;56.6;29277;30.32;67.69;1.99
29;Finistère;4.0;279;Taulé;58.6;29279;28.83;70.72;0.45
29;Finistère;4.0;285;Tréflaouénan;59.69;29285;20.18;78.95;0.87
29;Finistère;4.0;286;Tréflévénez;55.61;29286;29.8;70.19;0.01
29;Finistère;4.0;294;Le Tréhou;54.37;29294;27.31;72.29;0.4
29;Finistère;4.0;301;Trézilidé;61.43;29301;16.06;83.95;0.0
29;Finistère;5.0;10;Bodilis;56.3;29010;23.58;76.09;0.33
29;Finistère;5.0;21;Plounéour-Brignogan-Plages;59.33;29021;28.96;70.48;0.56
29;Finistère;5.0;45;Dirinon;60.03;29045;29.27;70.64;0.09
29;Finistère;5.0;55;Le Folgoët;58.82;29055;29.72;70.2;0.08
29;Finistère;5.0;56;La Forest-Landerneau;64.69;29056;34.82;64.96;0.22
29;Finistère;5.0;64;Goulven;56.23;29064;39.15;60.86;0.0
29;Finistère;5.0;74;Guimiliau;48.51;29074;38.17;61.56;0.27
29;Finistère;5.0;75;Guipavas;56.52;29075;30.64;68.75;0.61
29;Finistère;5.0;77;Guissény;57.51;29077;31.82;67.86;0.32
29;Finistère;5.0;91;Kerlouan;52.41;29091;25.97;73.52;0.51
29;Finistère;5.0;94;Kernouës;53.48;29094;37.45;62.54;0.01
29;Finistère;5.0;97;Lampaul-Guimiliau;54.63;29097;33.45;66.31;0.24
29;Finistère;5.0;101;Landéda;54.94;29101;32.06;67.53;0.41
29;Finistère;5.0;103;Landerneau;55.05;29103;27.93;71.91;0.16
29;Finistère;5.0;105;Landivisiau;52.46;29105;28.74;70.78;0.48
29;Finistère;5.0;111;Lanhouarneau;53.63;29111;24.38;75.42;0.2
29;Finistère;5.0;117;Lannilis;53.32;29117;31.69;67.8;0.51
29;Finistère;5.0;124;Lesneven;51.58;29124;36.54;62.65;0.81
29;Finistère;5.0;156;Pencran;58.13;29156;31.25;68.26;0.49
29;Finistère;5.0;179;Ploudaniel;54.16;29179;29.43;69.96;0.61
29;Finistère;5.0;181;Plouédern;56.94;29181;28.52;70.9;0.58
29;Finistère;5.0;185;Plouescat;51.97;29185;25.19;74.22;0.59
29;Finistère;5.0;187;Plougar;48.39;29187;21.66;78.34;0.0
29;Finistère;5.0;193;Plougourvest;55.57;29193;26.52;73.29;0.19
29;Finistère;5.0;195;Plouguerneau;54.09;29195;27.67;72.07;0.26
29;Finistère;5.0;198;Plouider;52.19;29198;36.92;62.7;0.38
29;Finistère;5.0;204;Plounéventer;53.06;29204;29.43;70.3;0.27
29;Finistère;5.0;206;Plounévez-Lochrist;52.83;29206;19.9;79.58;0.52
29;Finistère;5.0;235;Le Relecq-Kerhuon;55.24;29235;40.16;59.62;0.22
29;Finistère;5.0;244;Saint-Derrien;52.24;29244;32.01;66.99;1.0
29;Finistère;5.0;245;Saint-Divy;60.32;29245;33.81;65.93;0.26
29;Finistère;5.0;248;Saint-Frégant;56.27;29248;35.23;64.15;0.62
29;Finistère;5.0;255;Saint-Méen;60.59;29255;33.13;66.56;0.31
29;Finistère;5.0;264;Saint-Servais;54.43;29264;31.18;68.48;0.34
29;Finistère;5.0;268;Saint-Thonan;62.09;29268;24.4;75.34;0.26
29;Finistère;5.0;287;Tréflez;57.98;29287;26.84;72.71;0.45
29;Finistère;5.0;288;Trégarantec;56.43;29288;31.2;68.4;0.4
29;Finistère;5.0;290;Tréglonou;55.2;29290;34.06;65.94;0.0
29;Finistère;5.0;295;Trémaouézan;57.49;29295;24.2;75.35;0.45
29;Finistère;6.0;1;Argol;56.22;29001;23.36;72.51;4.13
29;Finistère;6.0;7;Berrien;55.78;29007;41.69;53.95;4.36
29;Finistère;6.0;12;Bolazec;60.26;29012;26.6;71.28;2.12
29;Finistère;6.0;13;Botmeur;54.19;29013;31.96;65.98;2.06
29;Finistère;6.0;16;Brasparts;55.86;29016;24.29;73.59;2.12
29;Finistère;6.0;18;Brennilis;51.9;29018;28.27;68.07;3.66
29;Finistère;6.0;22;Camaret-sur-Mer;53.68;29022;17.11;79.73;3.16
29;Finistère;6.0;24;Carhaix-Plouguer;57.52;29024;16.76;80.99;2.25
29;Finistère;6.0;25;Cast;58.19;29025;19.52;76.38;4.1
29;Finistère;6.0;26;Châteaulin;57.14;29026;17.88;79.36;2.76
29;Finistère;6.0;27;Châteauneuf-du-Faou;58.55;29027;15.0;82.86;2.14
29;Finistère;6.0;29;Cléden-Poher;55.03;29029;15.12;82.36;2.52
29;Finistère;6.0;33;Le Cloître-Pleyben;51.16;29033;14.99;82.72;2.29
29;Finistère;6.0;36;Collorec;53.15;29036;20.01;77.55;2.44
29;Finistère;6.0;41;Coray;55.01;29041;18.77;78.67;2.56
29;Finistère;6.0;42;Crozon;54.26;29042;19.96;76.43;3.61
29;Finistère;6.0;43;Daoulas;59.12;29043;30.74;66.26;3.0
29;Finistère;6.0;44;Dinéault;61.27;29044;21.06;75.88;3.06
29;Finistère;6.0;53;Le Faou;55.03;29053;25.04;71.31;3.65
29;Finistère;6.0;54;La Feuillée;54.98;29054;39.37;59.44;1.19
29;Finistère;6.0;62;Gouézec;58.79;29062;18.17;79.19;2.64
29;Finistère;6.0;78;Hanvec;58.26;29078;28.03;68.42;3.55
29;Finistère;6.0;80;Hôpital-Camfrout;57.84;29080;32.92;65.54;1.54
29;Finistère;6.0;81;Huelgoat;60.62;29081;27.0;69.61;3.39
29;Finistère;6.0;86;Irvillac;61.08;29086;27.45;71.3;1.25
29;Finistère;6.0;89;Kergloff;58.13;29089;15.35;82.43;2.22
29;Finistère;6.0;90;Kerlaz;57.06;29090;26.01;71.21;2.78
29;Finistère;6.0;102;Landeleau;52.99;29102;22.83;75.86;1.31
29;Finistère;6.0;104;Landévennec;68.04;29104;26.05;71.63;2.32
29;Finistère;6.0;115;Lannédern;64.08;29115;19.74;77.71;2.55
29;Finistère;6.0;120;Lanvéoc;54.72;29120;18.01;78.85;3.14
29;Finistère;6.0;122;Laz;55.6;29122;22.18;74.06;3.76
29;Finistère;6.0;123;Lennon;58.05;29123;24.77;71.37;3.86
29;Finistère;6.0;125;Leuhan;54.25;29125;19.87;78.0;2.13
29;Finistère;6.0;129;Locmaria-Berrien;64.47;29129;44.1;54.33;1.57
29;Finistère;6.0;134;Locronan;62.46;29134;29.03;66.89;4.08
29;Finistère;6.0;137;Logonna-Daoulas;62.11;29137;34.9;60.81;4.29
29;Finistère;6.0;139;Lopérec;55.28;29139;23.28;74.04;2.68
29;Finistère;6.0;140;Loperhet;57.78;29140;31.93;64.78;3.29
29;Finistère;6.0;141;Loqueffret;55.79;29141;20.77;76.1;3.13
29;Finistère;6.0;142;Lothey;67.73;29142;20.18;77.68;2.14
29;Finistère;6.0;152;Motreff;63.9;29152;15.55;81.27;3.18
29;Finistère;6.0;155;Ouessant;57.57;29155;29.93;67.87;2.2
29;Finistère;6.0;162;Pleyben;54.74;29162;18.65;78.78;2.57
29;Finistère;6.0;166;Ploéven;60.71;29166;23.17;76.47;0.36
29;Finistère;6.0;172;Plomodiern;57.03;29172;19.26;78.44;2.3
29;Finistère;6.0;175;Plonévez-du-Faou;55.97;29175;15.29;82.82;1.89
29;Finistère;6.0;176;Plonévez-Porzay;57.86;29176;19.25;77.69;3.06
29;Finistère;6.0;189;Plougastel-Daoulas;55.06;29189;27.81;69.31;2.88
29;Finistère;6.0;205;Plounévézel;65.97;29205;12.77;85.57;1.66
29;Finistère;6.0;211;Plouyé;60.74;29211;19.62;78.13;2.25
29;Finistère;6.0;222;Port-Launay;60.21;29222;20.11;77.59;2.3
29;Finistère;6.0;227;Poullaouen;62.72;29227;14.08;84.66;1.26
29;Finistère;6.0;229;Quéménéven;59.51;29229;25.69;70.59;3.72
29;Finistère;6.0;238;Roscanvel;56.2;29238;19.92;77.28;2.8
29;Finistère;6.0;240;Rosnoën;55.38;29240;23.77;70.85;5.38
29;Finistère;6.0;243;Saint-Coulitz;65.16;29243;20.31;76.74;2.95
29;Finistère;6.0;246;Saint-Eloy;63.83;29246;25.55;72.22;2.23
29;Finistère;6.0;249;Saint-Goazec;57.68;29249;15.79;82.05;2.16
29;Finistère;6.0;250;Saint-Hernin;55.13;29250;21.8;75.28;2.92
29;Finistère;6.0;256;Saint-Nic;58.56;29256;16.93;80.6;2.47
29;Finistère;6.0;261;Saint-Rivoal;66.21;29261;51.04;45.84;3.12
29;Finistère;6.0;263;Saint-Ségal;57.29;29263;22.61;72.39;5.0
29;Finistère;6.0;267;Saint-Thois;59.16;29267;21.98;75.54;2.48
29;Finistère;6.0;270;Saint-Urbain;51.35;29270;31.03;66.84;2.13
29;Finistère;6.0;275;Scrignac;52.47;29275;30.2;66.55;3.25
29;Finistère;6.0;278;Spézet;57.79;29278;16.04;82.9;1.06
29;Finistère;6.0;280;Telgruc-sur-Mer;59.83;29280;17.73;79.35;2.92
29;Finistère;6.0;289;Trégarvan;68.31;29289;30.93;64.94;4.13
29;Finistère;6.0;291;Trégourez;48.98;29291;22.8;75.14;2.06
29;Finistère;6.0;302;Pont-de-Buis-lès-Quimerch;53.97;29302;26.97;68.91;4.12
29;Finistère;7.0;3;Audierne;60.54;29003;21.1;78.59;0.31
29;Finistère;7.0;8;Beuzec-Cap-Sizun;56.27;29008;18.54;80.57;0.89
29;Finistère;7.0;28;Cléden-Cap-Sizun;54.63;29028;25.21;74.36;0.43
29;Finistère;7.0;37;Combrit;59.5;29037;23.64;75.39;0.97
29;Finistère;7.0;46;Douarnenez;50.87;29046;36.66;62.84;0.5
29;Finistère;7.0;63;Goulien;63.32;29063;14.03;85.97;0.0
29;Finistère;7.0;65;Gourlizon;50.5;29065;34.75;63.53;1.72
29;Finistère;7.0;66;Guengat;55.5;29066;33.69;65.37;0.94
29;Finistère;7.0;70;Guiler-sur-Goyen;53.61;29070;29.12;70.0;0.88
29;Finistère;7.0;72;Guilvinec;52.74;29072;27.08;72.62;0.3
29;Finistère;7.0;83;Ile-de-Sein;62.92;29083;25.83;73.5;0.67
29;Finistère;7.0;85;Ile-Tudy;61.9;29085;27.05;72.49;0.46
29;Finistère;7.0;87;Le Juch;58.47;29087;35.68;63.07;1.25
29;Finistère;7.0;108;Landudec;49.91;29108;23.57;75.5;0.93
29;Finistère;7.0;135;Loctudy;58.52;29135;23.06;76.53;0.41
29;Finistère;7.0;143;Mahalon;54.42;29143;27.25;72.0;0.75
29;Finistère;7.0;145;Confort-Meilars;49.53;29145;34.23;65.5;0.27
29;Finistère;7.0;158;Penmarch;53.99;29158;29.5;69.51;0.99
29;Finistère;7.0;159;Peumérit;58.46;29159;35.92;63.56;0.52
29;Finistère;7.0;165;Plobannalec-Lesconil;56.17;29165;32.4;67.08;0.52
29;Finistère;7.0;167;Plogastel-Saint-Germain;57.69;29167;28.77;70.75;0.48
29;Finistère;7.0;168;Plogoff;57.27;29168;25.69;73.56;0.75
29;Finistère;7.0;169;Plogonnec;57.11;29169;30.81;68.28;0.91
29;Finistère;7.0;171;Plomeur;51.12;29171;30.15;69.14;0.71
29;Finistère;7.0;173;Plonéis;54.66;29173;25.08;74.14;0.78
29;Finistère;7.0;174;Plonéour-Lanvern;57.61;29174;31.19;68.32;0.49
29;Finistère;7.0;197;Plouhinec;55.57;29197;20.99;78.45;0.56
29;Finistère;7.0;214;Plovan;61.08;29214;34.72;65.29;0.0
29;Finistère;7.0;215;Plozévet;56.74;29215;35.4;63.99;0.61
29;Finistère;7.0;218;Pont-Croix;56.58;29218;29.51;69.75;0.74
29;Finistère;7.0;220;Pont-l'Abbé;52.57;29220;31.51;67.93;0.56
29;Finistère;7.0;224;Pouldergat;49.9;29224;35.18;64.01;0.81
29;Finistère;7.0;225;Pouldreuzic;58.91;29225;32.71;66.3;0.99
29;Finistère;7.0;226;Poullan-sur-Mer;55.17;29226;28.27;71.44;0.29
29;Finistère;7.0;228;Primelin;59.65;29228;21.73;77.78;0.49
29;Finistère;7.0;252;Saint-Jean-Trolimon;57.57;29252;29.81;69.25;0.94
29;Finistère;7.0;284;Treffiagat;57.0;29284;28.09;71.38;0.53
29;Finistère;7.0;292;Tréguennec;64.73;29292;38.21;61.8;0.0
29;Finistère;7.0;296;Tréméoc;57.85;29296;34.68;64.45;0.87
29;Finistère;7.0;298;Tréogat;59.86;29298;37.99;60.86;1.15
29;Finistère;8.0;2;Arzano;54.69;29002;42.07;57.57;0.36
29;Finistère;8.0;4;Bannalec;54.22;29004;43.73;55.5;0.77
29;Finistère;8.0;5;Baye;58.87;29005;47.23;52.05;0.72
29;Finistère;8.0;31;Clohars-Carnoët;56.87;29031;35.15;64.51;0.34
29;Finistère;8.0;39;Concarneau;50.38;29039;34.46;64.82;0.72
29;Finistère;8.0;49;Elliant;53.62;29049;35.33;63.93;0.74
29;Finistère;8.0;71;Guilligomarc'h;55.9;29071;32.61;67.08;0.31
29;Finistère;8.0;136;Locunolé;54.09;29136;41.91;57.68;0.41
29;Finistère;8.0;146;Melgven;50.41;29146;34.59;64.76;0.65
29;Finistère;8.0;147;Mellac;55.77;29147;47.98;51.3;0.72
29;Finistère;8.0;150;Moëlan-sur-Mer;55.08;29150;40.82;58.31;0.87
29;Finistère;8.0;153;Névez;53.93;29153;30.32;69.02;0.66
29;Finistère;8.0;217;Pont-Aven;57.19;29217;29.91;69.08;1.01
29;Finistère;8.0;230;Querrien;55.97;29230;37.35;61.59;1.06
29;Finistère;8.0;233;Quimperlé;52.83;29233;50.75;48.86;0.39
29;Finistère;8.0;234;Rédené;54.63;29234;38.58;60.45;0.97
29;Finistère;8.0;236;Riec-sur-Belon;52.59;29236;39.99;59.25;0.76
29;Finistère;8.0;241;Rosporden;53.47;29241;45.52;53.67;0.81
29;Finistère;8.0;269;Saint-Thurien;55.47;29269;45.67;52.88;1.45
29;Finistère;8.0;272;Saint-Yvi;53.14;29272;36.98;62.37;0.65
29;Finistère;8.0;274;Scaër;49.33;29274;41.45;57.46;1.09
29;Finistère;8.0;281;Tourch;53.72;29281;33.26;66.02;0.72
29;Finistère;8.0;293;Trégunc;52.94;29293;33.18;65.97;0.85
29;Finistère;8.0;297;Tréméven;52.63;29297;50.45;48.54;1.01
29;Finistère;8.0;300;Le Trévoux;51.54;29300;42.2;57.04;0.76
35;Ille-et-Vilaine;1.0;32;Bourgbarré;49.73;35032;34.87;62.57;2.56
35;Ille-et-Vilaine;1.0;47;Bruz;52.9;35047;30.43;67.15;2.42
35;Ille-et-Vilaine;1.0;55;Chantepie;56.92;35055;32.47;65.65;1.88
35;Ille-et-Vilaine;1.0;66;Chartres-de-Bretagne;52.75;35066;34.5;62.93;2.57
35;Ille-et-Vilaine;1.0;206;Noyal-Châtillon-sur-Seiche;55.19;35206;33.97;63.68;2.35
35;Ille-et-Vilaine;1.0;208;Orgères;55.4;35208;40.72;57.62;1.66
35;Ille-et-Vilaine;1.0;238;Rennes;51.95;35238;43.9;51.81;4.29
35;Ille-et-Vilaine;1.0;266;Saint-Erblon;58.38;35266;31.88;66.89;1.23
35;Ille-et-Vilaine;1.0;352;Vern-sur-Seiche;55.85;35352;35.55;62.25;2.2
35;Ille-et-Vilaine;1.0;363;Pont-Péan;54.05;35363;39.94;57.33;2.73
35;Ille-et-Vilaine;2.0;1;Acigné;60.59;35001;34.19;63.71;2.1
35;Ille-et-Vilaine;2.0;24;Betton;58.59;35024;34.07;64.06;1.87
35;Ille-et-Vilaine;2.0;31;La Bouëxière;54.02;35031;32.06;65.53;2.41
35;Ille-et-Vilaine;2.0;51;Cesson-Sévigné;60.03;35051;25.19;72.97;1.84
35;Ille-et-Vilaine;2.0;59;La Chapelle-des-Fougeretz;56.53;35059;30.94;67.35;1.71
35;Ille-et-Vilaine;2.0;67;Chasné-sur-Illet;59.7;35067;38.75;58.28;2.97
35;Ille-et-Vilaine;2.0;94;Dingé;58.0;35094;45.43;52.71;1.86
35;Ille-et-Vilaine;2.0;101;Dourdain;50.0;35101;30.29;68.05;1.66
35;Ille-et-Vilaine;2.0;107;Ercé-près-Liffré;54.07;35107;39.98;56.55;3.47
35;Ille-et-Vilaine;2.0;128;Guipel;50.08;35128;33.45;64.25;2.3
35;Ille-et-Vilaine;2.0;130;Hédé-Bazouges;58.88;35130;33.26;64.75;1.99
35;Ille-et-Vilaine;2.0;146;Langouet;62.5;35146;24.49;73.06;2.45
35;Ille-et-Vilaine;2.0;148;Lanrigan;61.68;35148;18.19;77.29;4.52
35;Ille-et-Vilaine;2.0;152;Liffré;57.05;35152;34.8;63.41;1.79
35;Ille-et-Vilaine;2.0;154;Livré-sur-Changeon;51.94;35154;26.52;71.41;2.07
35;Ille-et-Vilaine;2.0;177;La Mézière;55.06;35177;27.68;70.38;1.94
35;Ille-et-Vilaine;2.0;189;Montgermont;60.81;35189;27.88;70.62;1.5
35;Ille-et-Vilaine;2.0;233;Québriac;59.39;35233;32.33;66.38;1.29
35;Ille-et-Vilaine;2.0;238;Rennes;54.78;35238;38.9;59.33;1.77
35;Ille-et-Vilaine;2.0;276;Saint-Gondran;58.22;35276;31.37;67.06;1.57
35;Ille-et-Vilaine;2.0;278;Saint-Grégoire;59.19;35278;21.05;77.52;1.43
35;Ille-et-Vilaine;2.0;315;Saint-Sulpice-la-Forêt;61.6;35315;35.03;58.95;6.02
35;Ille-et-Vilaine;2.0;317;Saint-Symphorien;53.66;35317;31.36;65.91;2.73
35;Ille-et-Vilaine;2.0;334;Thorigné-Fouillard;61.86;35334;29.52;68.26;2.22
35;Ille-et-Vilaine;2.0;356;Vignoc;56.42;35356;26.96;71.75;1.29
35;Ille-et-Vilaine;3.0;17;La Baussaine;53.02;35017;70.34;28.52;1.14
35;Ille-et-Vilaine;3.0;22;Bécherel;62.35;35022;47.85;51.81;0.34
35;Ille-et-Vilaine;3.0;23;Bédée;53.29;35023;70.8;28.37;0.83
35;Ille-et-Vilaine;3.0;26;Bléruais;70.59;35026;78.33;21.67;0.0
35;Ille-et-Vilaine;3.0;27;Boisgervilly;43.91;35027;69.03;30.59;0.38
35;Ille-et-Vilaine;3.0;29;Bonnemain;49.66;35029;66.79;32.41;0.8
35;Ille-et-Vilaine;3.0;40;Breteil;52.09;35040;81.17;18.34;0.49
35;Ille-et-Vilaine;3.0;50;Cardroc;59.43;35050;77.51;22.49;0.0
35;Ille-et-Vilaine;3.0;56;La Chapelle-aux-Filtzméens;60.18;35056;77.94;21.47;0.59
35;Ille-et-Vilaine;3.0;58;La Chapelle-Chaussée;54.44;35058;70.34;29.02;0.64
35;Ille-et-Vilaine;3.0;60;La Chapelle-du-Lou-du-Lac;52.09;35060;74.41;23.81;1.78
35;Ille-et-Vilaine;3.0;65;La Chapelle-Thouarault;57.57;35065;77.72;21.62;0.66
35;Ille-et-Vilaine;3.0;81;Clayes;61.92;35081;80.75;18.97;0.28
35;Ille-et-Vilaine;3.0;85;Combourg;52.7;35085;67.28;31.41;1.31
35;Ille-et-Vilaine;3.0;91;Le Crouais;52.14;35091;73.52;26.48;0.0
35;Ille-et-Vilaine;3.0;92;Cuguen;50.33;35092;73.51;25.83;0.66
35;Ille-et-Vilaine;3.0;117;Gaël;45.14;35117;59.66;39.41;0.93
35;Ille-et-Vilaine;3.0;120;Gévezé;54.17;35120;79.18;20.23;0.59
35;Ille-et-Vilaine;3.0;133;Iffendic;48.66;35133;72.12;27.52;0.36
35;Ille-et-Vilaine;3.0;134;Les Iffs;60.95;35134;64.85;34.38;0.77
35;Ille-et-Vilaine;3.0;135;Irodouër;48.55;35135;63.01;36.85;0.14
35;Ille-et-Vilaine;3.0;143;Landujan;48.28;35143;66.38;32.74;0.88
35;Ille-et-Vilaine;3.0;144;Langan;52.67;35144;79.74;20.0;0.26
35;Ille-et-Vilaine;3.0;147;Lanhélin;51.81;35147;66.18;32.94;0.88
35;Ille-et-Vilaine;3.0;156;Longaulnay;54.84;35156;63.86;35.29;0.85
35;Ille-et-Vilaine;3.0;159;Lourmais;49.21;35159;51.2;48.8;0.0
35;Ille-et-Vilaine;3.0;171;Médréac;51.87;35171;68.33;31.52;0.15
35;Ille-et-Vilaine;3.0;172;Meillac;54.89;35172;76.62;22.76;0.62
35;Ille-et-Vilaine;3.0;180;Miniac-sous-Bécherel;55.08;35180;63.48;35.49;1.03
35;Ille-et-Vilaine;3.0;184;Montauban-de-Bretagne;50.29;35184;70.29;29.19;0.52
35;Ille-et-Vilaine;3.0;188;Montfort-sur-Meu;53.44;35188;77.58;21.66;0.76
35;Ille-et-Vilaine;3.0;201;Muel;47.21;35201;73.99;25.34;0.67
35;Ille-et-Vilaine;3.0;203;La Nouaye;58.89;35203;77.17;22.82;0.01
35;Ille-et-Vilaine;3.0;210;Pacé;59.65;35210;74.48;24.94;0.58
35;Ille-et-Vilaine;3.0;216;Parthenay-de-Bretagne;57.42;35216;80.98;18.54;0.48
35;Ille-et-Vilaine;3.0;225;Plesder;55.05;35225;65.25;34.43;0.32
35;Ille-et-Vilaine;3.0;226;Pleugueneuc;51.56;35226;72.05;27.67;0.28
35;Ille-et-Vilaine;3.0;227;Pleumeleuc;51.99;35227;74.42;25.08;0.5
35;Ille-et-Vilaine;3.0;234;Quédillac;51.88;35234;66.23;33.55;0.22
35;Ille-et-Vilaine;3.0;238;Rennes;40.15;35238;82.86;15.82;1.32
35;Ille-et-Vilaine;3.0;245;Romillé;54.27;35245;73.97;25.35;0.68
35;Ille-et-Vilaine;3.0;258;Saint-Brieuc-des-Iffs;59.45;35258;78.14;21.85;0.01
35;Ille-et-Vilaine;3.0;265;Saint-Domineuc;55.87;35265;71.83;27.65;0.52
35;Ille-et-Vilaine;3.0;277;Saint-Gonlay;63.86;35277;75.28;24.73;0.0
35;Ille-et-Vilaine;3.0;286;Saint-Léger-des-Prés;61.88;35286;77.67;19.65;2.68
35;Ille-et-Vilaine;3.0;290;Saint-Malon-sur-Mel;47.32;35290;71.7;27.84;0.46
35;Ille-et-Vilaine;3.0;295;Saint-Maugan;51.65;35295;69.48;29.56;0.96
35;Ille-et-Vilaine;3.0;297;Saint-Méen-le-Grand;51.22;35297;65.54;34.0;0.46
35;Ille-et-Vilaine;3.0;301;Saint-M'Hervon;53.51;35301;70.87;28.64;0.49
35;Ille-et-Vilaine;3.0;302;Saint-Onen-la-Chapelle;56.02;35302;59.1;39.05;1.85
35;Ille-et-Vilaine;3.0;307;Saint-Pern;56.7;35307;67.38;31.79;0.83
35;Ille-et-Vilaine;3.0;308;Saint-Pierre-de-Plesguen;49.98;35308;67.58;30.83;1.59
35;Ille-et-Vilaine;3.0;318;Saint-Thual;52.56;35318;64.29;34.09;1.62
35;Ille-et-Vilaine;3.0;320;Saint-Uniac;55.26;35320;70.25;28.79;0.96
35;Ille-et-Vilaine;3.0;331;Talensac;52.28;35331;76.38;22.42;1.2
35;Ille-et-Vilaine;3.0;337;Tinténiac;53.55;35337;72.56;26.79;0.65
35;Ille-et-Vilaine;3.0;342;Trémeheuc;58.24;35342;68.42;28.95;2.63
35;Ille-et-Vilaine;3.0;344;Tressé;48.26;35344;64.04;34.53;1.43
35;Ille-et-Vilaine;3.0;345;Trévérien;52.8;35345;78.48;20.91;0.61
35;Ille-et-Vilaine;3.0;346;Trimer;56.58;35346;74.41;25.58;0.01
35;Ille-et-Vilaine;3.0;351;Le Verger;50.14;35351;72.88;26.54;0.58
35;Ille-et-Vilaine;4.0;12;Bain-de-Bretagne;47.22;35012;23.06;75.65;1.29
35;Ille-et-Vilaine;4.0;13;Bains-sur-Oust;53.51;35013;29.67;69.54;0.79
35;Ille-et-Vilaine;4.0;16;Baulon;47.96;35016;31.16;68.57;0.27
35;Ille-et-Vilaine;4.0;30;La Bosse-de-Bretagne;50.64;35030;27.53;71.18;1.29
35;Ille-et-Vilaine;4.0;33;Bourg-des-Comptes;55.68;35033;35.41;64.33;0.26
35;Ille-et-Vilaine;4.0;35;Bovel;51.24;35035;32.85;66.66;0.49
35;Ille-et-Vilaine;4.0;37;Bréal-sous-Montfort;53.21;35037;30.7;68.57;0.73
35;Ille-et-Vilaine;4.0;45;Bruc-sur-Aff;48.91;35045;40.25;59.47;0.28
35;Ille-et-Vilaine;4.0;46;Les Brulais;49.36;35046;23.43;73.95;2.62
35;Ille-et-Vilaine;4.0;54;Chanteloup;52.01;35054;34.88;65.12;0.0
35;Ille-et-Vilaine;4.0;57;La Chapelle-Bouëxic;52.36;35057;34.01;66.0;0.0
35;Ille-et-Vilaine;4.0;64;La Chapelle-de-Brain;52.48;35064;37.29;61.99;0.72
35;Ille-et-Vilaine;4.0;84;Comblessac;54.23;35084;20.4;78.4;1.2
35;Ille-et-Vilaine;4.0;89;La Couyère;50.3;35089;31.55;67.86;0.59
35;Ille-et-Vilaine;4.0;90;Crévin;51.29;35090;31.59;67.87;0.54
35;Ille-et-Vilaine;4.0;98;La Dominelais;49.27;35098;23.58;75.52;0.9
35;Ille-et-Vilaine;4.0;106;Ercé-en-Lamée;48.67;35106;28.21;70.43;1.36
35;Ille-et-Vilaine;4.0;123;Goven;50.97;35123;33.4;66.25;0.35
35;Ille-et-Vilaine;4.0;124;Grand-Fougeray;47.44;35124;22.04;77.06;0.9
35;Ille-et-Vilaine;4.0;126;Guichen;53.16;35126;36.08;63.26;0.66
35;Ille-et-Vilaine;4.0;127;Guignen;50.84;35127;33.77;65.22;1.01
35;Ille-et-Vilaine;4.0;139;Laillé;53.44;35139;31.99;67.53;0.48
35;Ille-et-Vilaine;4.0;140;Lalleu;46.74;35140;27.37;72.65;0.0
35;Ille-et-Vilaine;4.0;145;Langon;52.97;35145;40.01;59.25;0.74
35;Ille-et-Vilaine;4.0;149;Lassy;54.6;35149;36.38;62.68;0.94
35;Ille-et-Vilaine;4.0;151;Lieuron;47.01;35151;56.72;43.28;0.0
35;Ille-et-Vilaine;4.0;155;Lohéac;51.0;35155;42.13;57.08;0.79
35;Ille-et-Vilaine;4.0;160;Loutehel;64.07;35160;26.16;72.89;0.95
35;Ille-et-Vilaine;4.0;168;Val d'Anast;46.4;35168;28.56;70.78;0.66
35;Ille-et-Vilaine;4.0;169;Maxent;48.74;35169;34.84;63.87;1.29
35;Ille-et-Vilaine;4.0;175;Mernel;50.91;35175;29.92;69.04;1.04
35;Ille-et-Vilaine;4.0;176;Guipry-Messac;48.96;35176;42.47;57.06;0.47
35;Ille-et-Vilaine;4.0;187;Monterfil;55.97;35187;39.24;59.81;0.95
35;Ille-et-Vilaine;4.0;202;La Noë-Blanche;44.87;35202;23.48;76.21;0.31
35;Ille-et-Vilaine;4.0;211;Paimpont;56.07;35211;40.45;58.33;1.22
35;Ille-et-Vilaine;4.0;212;Pancé;51.95;35212;31.21;68.11;0.68
35;Ille-et-Vilaine;4.0;218;Le Petit-Fougeray;47.87;35218;34.53;65.48;0.0
35;Ille-et-Vilaine;4.0;219;Pipriac;51.12;35219;50.07;49.69;0.24
35;Ille-et-Vilaine;4.0;221;Pléchâtel;53.65;35221;35.04;64.1;0.86
35;Ille-et-Vilaine;4.0;223;Plélan-le-Grand;50.82;35223;32.55;66.77;0.68
35;Ille-et-Vilaine;4.0;231;Poligné;55.58;35231;34.05;65.5;0.45
35;Ille-et-Vilaine;4.0;236;Redon;50.83;35236;36.75;62.8;0.45
35;Ille-et-Vilaine;4.0;237;Renac;53.3;35237;34.99;65.02;0.0
35;Ille-et-Vilaine;4.0;249;Sainte-Anne-sur-Vilaine;50.22;35249;27.95;72.04;0.01
35;Ille-et-Vilaine;4.0;268;Saint-Ganton;49.12;35268;57.48;41.91;0.61
35;Ille-et-Vilaine;4.0;285;Saint-Just;55.52;35285;48.69;51.31;0.0
35;Ille-et-Vilaine;4.0;289;Saint-Malo-de-Phily;50.15;35289;43.92;56.09;0.0
35;Ille-et-Vilaine;4.0;294;Sainte-Marie;51.88;35294;31.4;68.14;0.46
35;Ille-et-Vilaine;4.0;305;Saint-Péran;62.37;35305;32.75;67.24;0.01
35;Ille-et-Vilaine;4.0;311;Saint-Séglin;48.18;35311;30.26;69.73;0.01
35;Ille-et-Vilaine;4.0;312;Saint-Senoux;54.8;35312;40.47;59.24;0.29
35;Ille-et-Vilaine;4.0;316;Saint-Sulpice-des-Landes;47.08;35316;26.06;73.93;0.01
35;Ille-et-Vilaine;4.0;319;Saint-Thurial;52.92;35319;27.7;71.81;0.49
35;Ille-et-Vilaine;4.0;321;Saulnières;47.46;35321;36.21;63.79;0.0
35;Ille-et-Vilaine;4.0;322;Le Sel-de-Bretagne;47.19;35322;34.77;64.56;0.67
35;Ille-et-Vilaine;4.0;328;Sixt-sur-Aff;50.38;35328;30.16;69.72;0.12
35;Ille-et-Vilaine;4.0;332;Teillay;48.17;35332;29.58;69.58;0.84
35;Ille-et-Vilaine;4.0;340;Treffendel;51.69;35340;39.3;60.48;0.22
35;Ille-et-Vilaine;4.0;343;Tresboeuf;46.71;35343;31.61;68.15;0.24
35;Ille-et-Vilaine;5.0;2;Amanlis;57.85;35002;28.17;71.16;0.67
35;Ille-et-Vilaine;5.0;5;Arbrissel;49.28;35005;15.53;84.46;0.01
35;Ille-et-Vilaine;5.0;6;Argentré-du-Plessis;52.0;35006;15.52;84.26;0.22
35;Ille-et-Vilaine;5.0;8;Availles-sur-Seiche;46.08;35008;13.41;86.6;0.0
35;Ille-et-Vilaine;5.0;14;Bais;45.14;35014;16.62;83.1;0.28
35;Ille-et-Vilaine;5.0;15;Balazé;51.98;35015;13.29;86.19;0.52
35;Ille-et-Vilaine;5.0;28;Boistrudan;47.13;35028;23.47;76.07;0.46
35;Ille-et-Vilaine;5.0;38;Bréal-sous-Vitré;49.89;35038;11.2;88.35;0.45
35;Ille-et-Vilaine;5.0;39;Brécé;53.45;35039;32.42;67.33;0.25
35;Ille-et-Vilaine;5.0;41;Brie;54.32;35041;19.38;80.12;0.5
35;Ille-et-Vilaine;5.0;42;Brielles;55.11;35042;12.87;86.37;0.76
35;Ille-et-Vilaine;5.0;52;Champeaux;60.26;35052;17.24;81.88;0.88
35;Ille-et-Vilaine;5.0;53;Chancé;59.91;35053;15.39;84.62;0.0
35;Ille-et-Vilaine;5.0;61;La Chapelle-Erbrée;52.28;35061;15.08;84.52;0.4
35;Ille-et-Vilaine;5.0;68;Châteaubourg;55.6;35068;28.39;71.45;0.16
35;Ille-et-Vilaine;5.0;69;Châteaugiron;59.58;35069;22.41;77.09;0.5
35;Ille-et-Vilaine;5.0;72;Châtillon-en-Vendelais;49.33;35072;14.48;85.21;0.31
35;Ille-et-Vilaine;5.0;77;Chelun;57.69;35077;10.83;89.17;0.0
35;Ille-et-Vilaine;5.0;82;Coësmes;47.32;35082;23.14;76.61;0.25
35;Ille-et-Vilaine;5.0;87;Cornillé;51.04;35087;17.18;82.19;0.63
35;Ille-et-Vilaine;5.0;88;Corps-Nuds;56.04;35088;30.07;69.24;0.69
35;Ille-et-Vilaine;5.0;96;Domagné;55.4;35096;19.51;79.82;0.67
35;Ille-et-Vilaine;5.0;97;Domalain;46.68;35097;13.09;86.92;0.0
35;Ille-et-Vilaine;5.0;99;Domloup;58.59;35099;28.19;71.52;0.29
35;Ille-et-Vilaine;5.0;102;Drouges;51.74;35102;17.62;81.35;1.03
35;Ille-et-Vilaine;5.0;103;Eancé;59.01;35103;18.57;81.45;0.0
35;Ille-et-Vilaine;5.0;105;Erbrée;50.68;35105;14.34;85.22;0.44
35;Ille-et-Vilaine;5.0;108;Essé;51.4;35108;18.77;80.74;0.49
35;Ille-et-Vilaine;5.0;109;Etrelles;58.14;35109;17.2;82.13;0.67
35;Ille-et-Vilaine;5.0;114;Forges-la-Forêt;53.3;35114;21.64;78.35;0.01
35;Ille-et-Vilaine;5.0;119;Gennes-sur-Seiche;47.48;35119;18.61;81.06;0.33
35;Ille-et-Vilaine;5.0;125;La Guerche-de-Bretagne;51.92;35125;12.25;87.55;0.2
35;Ille-et-Vilaine;5.0;136;Janzé;54.68;35136;19.93;79.58;0.49
35;Ille-et-Vilaine;5.0;141;Landavran;55.4;35141;19.85;79.77;0.38
35;Ille-et-Vilaine;5.0;161;Louvigné-de-Bais;48.41;35161;15.7;84.16;0.14
35;Ille-et-Vilaine;5.0;165;Marcillé-Robert;50.08;35165;20.13;79.57;0.3
35;Ille-et-Vilaine;5.0;166;Marpiré;48.39;35166;23.59;75.14;1.27
35;Ille-et-Vilaine;5.0;167;Martigné-Ferchaud;47.35;35167;15.07;84.7;0.23
35;Ille-et-Vilaine;5.0;170;Mecé;49.23;35170;24.88;75.1;0.02
35;Ille-et-Vilaine;5.0;183;Mondevert;46.87;35183;14.45;85.56;0.0
35;Ille-et-Vilaine;5.0;185;Montautour;51.6;35185;14.43;85.57;0.0
35;Ille-et-Vilaine;5.0;192;Montreuil-des-Landes;58.43;35192;23.07;76.92;0.01
35;Ille-et-Vilaine;5.0;194;Montreuil-sous-Pérouse;55.68;35194;19.8;80.0;0.2
35;Ille-et-Vilaine;5.0;198;Moulins;47.76;35198;26.57;73.04;0.39
35;Ille-et-Vilaine;5.0;199;Moussé;51.83;35199;12.39;87.6;0.01
35;Ille-et-Vilaine;5.0;200;Moutiers;50.75;35200;11.88;88.12;0.0
35;Ille-et-Vilaine;5.0;204;Nouvoitou;53.91;35204;33.1;66.83;0.07
35;Ille-et-Vilaine;5.0;207;Noyal-sur-Vilaine;59.06;35207;30.1;69.57;0.33
35;Ille-et-Vilaine;5.0;217;Le Pertre;54.16;35217;8.59;90.86;0.55
35;Ille-et-Vilaine;5.0;220;Piré-sur-Seiche;56.86;35220;24.41;75.1;0.49
35;Ille-et-Vilaine;5.0;229;Pocé-les-Bois;58.5;35229;20.37;79.44;0.19
35;Ille-et-Vilaine;5.0;232;Princé;54.62;35232;11.27;88.72;0.01
35;Ille-et-Vilaine;5.0;235;Rannée;54.3;35235;15.61;83.95;0.44
35;Ille-et-Vilaine;5.0;239;Retiers;51.39;35239;16.55;83.27;0.18
35;Ille-et-Vilaine;5.0;250;Saint-Armel;59.81;35250;33.05;66.59;0.36
35;Ille-et-Vilaine;5.0;252;Saint-Aubin-des-Landes;54.68;35252;15.14;84.6;0.26
35;Ille-et-Vilaine;5.0;260;Saint-Christophe-des-Bois;55.99;35260;17.9;82.08;0.02
35;Ille-et-Vilaine;5.0;262;Sainte-Colombe;52.56;35262;21.14;77.23;1.63
35;Ille-et-Vilaine;5.0;264;Saint-Didier;56.41;35264;21.45;78.43;0.12
35;Ille-et-Vilaine;5.0;272;Saint-Germain-du-Pinel;48.12;35272;13.13;86.89;0.0
35;Ille-et-Vilaine;5.0;283;Saint-Jean-sur-Vilaine;58.34;35283;21.03;78.23;0.74
35;Ille-et-Vilaine;5.0;300;Saint-M'Hervé;50.88;35300;13.06;86.75;0.19
35;Ille-et-Vilaine;5.0;325;La Selle-Guerchaise;44.35;35325;3.64;94.55;1.81
35;Ille-et-Vilaine;5.0;327;Servon-sur-Vilaine;58.06;35327;29.04;70.36;0.6
35;Ille-et-Vilaine;5.0;330;Taillis;59.55;35330;19.54;79.94;0.52
35;Ille-et-Vilaine;5.0;333;Le Theil-de-Bretagne;50.3;35333;21.49;78.5;0.01
35;Ille-et-Vilaine;5.0;335;Thourie;53.94;35335;29.59;70.06;0.35
35;Ille-et-Vilaine;5.0;338;Torcé;54.96;35338;18.29;81.74;0.0
35;Ille-et-Vilaine;5.0;347;Val-d'Izé;55.16;35347;14.26;85.25;0.49
35;Ille-et-Vilaine;5.0;350;Vergéal;54.61;35350;14.96;84.39;0.65
35;Ille-et-Vilaine;5.0;359;Visseiche;44.63;35359;14.89;84.73;0.38
35;Ille-et-Vilaine;5.0;360;Vitré;55.65;35360;17.15;82.56;0.29
35;Ille-et-Vilaine;6.0;3;Andouillé-Neuville;57.02;35003;22.56;76.85;0.59
35;Ille-et-Vilaine;6.0;4;Antrain;54.85;35004;11.99;87.43;0.58
35;Ille-et-Vilaine;6.0;7;Aubigné;61.4;35007;27.42;72.0;0.58
35;Ille-et-Vilaine;6.0;11;Baillé;63.39;35011;21.12;78.88;0.0
35;Ille-et-Vilaine;6.0;18;La Bazouge-du-Désert;51.41;35018;17.31;81.78;0.91
35;Ille-et-Vilaine;6.0;19;Bazouges-la-Pérouse;55.09;35019;18.34;79.77;1.89
35;Ille-et-Vilaine;6.0;21;Beaucé;55.9;35021;14.9;84.39;0.71
35;Ille-et-Vilaine;6.0;25;Billé;49.61;35025;14.82;84.66;0.52
35;Ille-et-Vilaine;6.0;34;La Boussac;48.17;35034;26.9;72.64;0.46
35;Ille-et-Vilaine;6.0;44;Broualan;56.03;35044;25.69;74.31;0.0
35;Ille-et-Vilaine;6.0;62;La Chapelle-Janson;54.86;35062;11.75;88.24;0.01
35;Ille-et-Vilaine;6.0;63;La Chapelle-Saint-Aubert;50.76;35063;14.28;85.72;0.0
35;Ille-et-Vilaine;6.0;71;Le Châtellier;54.22;35071;15.55;83.89;0.56
35;Ille-et-Vilaine;6.0;75;Chauvigné;58.58;35075;16.91;82.47;0.62
35;Ille-et-Vilaine;6.0;79;Chevaigné;61.53;35079;29.92;69.5;0.58
35;Ille-et-Vilaine;6.0;86;Combourtillé;48.87;35086;19.49;80.51;0.0
35;Ille-et-Vilaine;6.0;100;Dompierre-du-Chemin;56.49;35100;19.62;79.91;0.47
35;Ille-et-Vilaine;6.0;110;Feins;45.9;35110;32.42;66.68;0.9
35;Ille-et-Vilaine;6.0;111;Le Ferré;56.24;35111;11.28;88.73;0.0
35;Ille-et-Vilaine;6.0;112;Fleurigné;53.33;35112;12.74;87.26;0.0
35;Ille-et-Vilaine;6.0;113;La Fontenelle;61.94;35113;15.25;84.74;0.01
35;Ille-et-Vilaine;6.0;115;Fougères;51.89;35115;21.6;78.03;0.37
35;Ille-et-Vilaine;6.0;118;Gahard;52.49;35118;29.8;69.84;0.36
35;Ille-et-Vilaine;6.0;121;Gosné;54.7;35121;24.29;75.03;0.68
35;Ille-et-Vilaine;6.0;137;Javené;53.48;35137;16.95;82.58;0.47
35;Ille-et-Vilaine;6.0;138;Laignelet;54.47;35138;18.16;81.63;0.21
35;Ille-et-Vilaine;6.0;142;Landéan;53.76;35142;15.2;84.4;0.4
35;Ille-et-Vilaine;6.0;150;Lécousse;58.31;35150;16.12;83.69;0.19
35;Ille-et-Vilaine;6.0;157;Le Loroux;53.69;35157;13.31;86.69;0.0
35;Ille-et-Vilaine;6.0;162;Louvigné-du-Désert;50.39;35162;11.39;87.82;0.79
35;Ille-et-Vilaine;6.0;163;Luitré;54.48;35163;10.13;87.95;1.92
35;Ille-et-Vilaine;6.0;164;Marcillé-Raoul;50.9;35164;16.2;82.4;1.4
35;Ille-et-Vilaine;6.0;173;Melesse;56.51;35173;25.02;74.43;0.55
35;Ille-et-Vilaine;6.0;174;Mellé;54.0;35174;13.98;86.01;0.01
35;Ille-et-Vilaine;6.0;178;Mézières-sur-Couesnon;50.58;35178;21.44;78.21;0.35
35;Ille-et-Vilaine;6.0;190;Monthault;43.89;35190;16.45;83.55;0.0
35;Ille-et-Vilaine;6.0;191;Les Portes du Coglais;53.44;35191;17.11;81.87;1.02
35;Ille-et-Vilaine;6.0;193;Montreuil-le-Gast;56.83;35193;26.4;73.23;0.37
35;Ille-et-Vilaine;6.0;195;Montreuil-sur-Ille;55.82;35195;38.05;61.49;0.46
35;Ille-et-Vilaine;6.0;197;Mouazé;54.88;35197;27.58;70.99;1.43
35;Ille-et-Vilaine;6.0;205;Noyal-sous-Bazouges;58.33;35205;22.02;77.38;0.6
35;Ille-et-Vilaine;6.0;214;Parcé;55.9;35214;11.11;88.51;0.38
35;Ille-et-Vilaine;6.0;215;Parigné;52.28;35215;13.19;86.6;0.21
35;Ille-et-Vilaine;6.0;222;Pleine-Fougères;53.5;35222;18.5;80.11;1.39
35;Ille-et-Vilaine;6.0;230;Poilley;52.73;35230;7.32;92.69;0.0
35;Ille-et-Vilaine;6.0;242;Rimou;54.85;35242;29.25;69.38;1.37
35;Ille-et-Vilaine;6.0;243;Romagné;56.74;35243;10.86;88.73;0.41
35;Ille-et-Vilaine;6.0;244;Romazy;61.39;35244;14.52;85.49;0.0
35;Ille-et-Vilaine;6.0;247;Roz-sur-Couesnon;55.0;35247;18.93;80.09;0.98
35;Ille-et-Vilaine;6.0;248;Sains;51.15;35248;15.43;84.57;0.0
35;Ille-et-Vilaine;6.0;251;Saint-Aubin-d'Aubigné;51.21;35251;23.64;75.86;0.5
35;Ille-et-Vilaine;6.0;253;Saint-Aubin-du-Cormier;55.91;35253;20.92;78.46;0.62
35;Ille-et-Vilaine;6.0;257;Maen-Roch;51.32;35257;14.82;85.02;0.16
35;Ille-et-Vilaine;6.0;259;Saint-Broladre;49.94;35259;19.1;80.15;0.75
35;Ille-et-Vilaine;6.0;261;Saint-Christophe-de-Valains;54.55;35261;13.09;86.9;0.01
35;Ille-et-Vilaine;6.0;269;Saint-Georges-de-Chesné;55.06;35269;11.49;88.12;0.39
35;Ille-et-Vilaine;6.0;270;Saint-Georges-de-Gréhaigne;51.99;35270;15.29;84.71;0.0
35;Ille-et-Vilaine;6.0;271;Saint-Georges-de-Reintembault;48.67;35271;9.69;90.1;0.21
35;Ille-et-Vilaine;6.0;273;Saint-Germain-en-Coglès;56.49;35273;14.36;85.17;0.47
35;Ille-et-Vilaine;6.0;274;Saint-Germain-sur-Ille;63.79;35274;43.49;56.26;0.25
35;Ille-et-Vilaine;6.0;280;Saint-Hilaire-des-Landes;54.64;35280;19.1;80.64;0.26
35;Ille-et-Vilaine;6.0;282;Saint-Jean-sur-Couesnon;57.18;35282;23.61;75.97;0.42
35;Ille-et-Vilaine;6.0;291;Saint-Marcan;56.7;35291;13.18;86.27;0.55
35;Ille-et-Vilaine;6.0;292;Saint-Marc-le-Blanc;52.97;35292;16.92;81.75;1.33
35;Ille-et-Vilaine;6.0;293;Saint-Marc-sur-Couesnon;59.09;35293;18.37;81.62;0.01
35;Ille-et-Vilaine;6.0;296;Saint-Médard-sur-Ille;51.73;35296;33.34;65.71;0.95
35;Ille-et-Vilaine;6.0;303;Saint-Ouen-la-Rouërie;50.47;35303;13.62;86.07;0.31
35;Ille-et-Vilaine;6.0;304;Saint-Ouen-des-Alleux;52.2;35304;18.03;80.6;1.37
35;Ille-et-Vilaine;6.0;309;Saint-Rémy-du-Plain;48.66;35309;13.6;86.41;0.0
35;Ille-et-Vilaine;6.0;310;Saint-Sauveur-des-Landes;57.31;35310;13.9;85.9;0.2
35;Ille-et-Vilaine;6.0;324;La Selle-en-Luitré;62.65;35324;15.84;83.4;0.76
35;Ille-et-Vilaine;6.0;326;Sens-de-Bretagne;51.57;35326;19.1;80.32;0.58
35;Ille-et-Vilaine;6.0;329;Sougéal;49.39;35329;16.17;83.82;0.01
35;Ille-et-Vilaine;6.0;336;Le Tiercent;53.16;35336;30.95;69.05;0.0
35;Ille-et-Vilaine;6.0;339;Trans-la-Forêt;53.24;35339;19.13;79.99;0.88
35;Ille-et-Vilaine;6.0;341;Tremblay;51.26;35341;14.34;85.28;0.38
35;Ille-et-Vilaine;6.0;348;Vendel;55.97;35348;14.03;85.98;0.0
35;Ille-et-Vilaine;6.0;354;Vieux-Viel;51.72;35354;9.16;90.84;0.0
35;Ille-et-Vilaine;6.0;355;Vieux-Vy-sur-Couesnon;56.0;35355;22.25;77.75;0.0
35;Ille-et-Vilaine;6.0;357;Villamée;57.79;35357;19.08;80.26;0.66
35;Ille-et-Vilaine;7.0;9;Baguer-Morvan;53.59;35009;16.93;81.77;1.3
35;Ille-et-Vilaine;7.0;10;Baguer-Pican;50.09;35010;18.92;78.19;2.89
35;Ille-et-Vilaine;7.0;49;Cancale;52.34;35049;14.41;83.88;1.71
35;Ille-et-Vilaine;7.0;70;Châteauneuf-d'Ille-et-Vilaine;49.4;35070;20.52;76.83;2.65
35;Ille-et-Vilaine;7.0;78;Cherrueix;61.56;35078;10.46;87.72;1.82
35;Ille-et-Vilaine;7.0;93;Dinard;56.11;35093;14.96;83.04;2.0
35;Ille-et-Vilaine;7.0;95;Dol-de-Bretagne;51.47;35095;19.71;78.55;1.74
35;Ille-et-Vilaine;7.0;104;Epiniac;59.23;35104;16.96;80.93;2.11
35;Ille-et-Vilaine;7.0;116;La Fresnais;49.57;35116;16.99;80.68;2.33
35;Ille-et-Vilaine;7.0;122;La Gouesnière;53.14;35122;18.05;79.72;2.23
35;Ille-et-Vilaine;7.0;132;Hirel;55.55;35132;18.33;80.37;1.3
35;Ille-et-Vilaine;7.0;153;Lillemer;53.36;35153;17.33;81.89;0.78
35;Ille-et-Vilaine;7.0;179;Miniac-Morvan;45.95;35179;18.67;79.99;1.34
35;Ille-et-Vilaine;7.0;181;Le Minihic-sur-Rance;62.79;35181;19.21;79.7;1.09
35;Ille-et-Vilaine;7.0;186;Mont-Dol;54.67;35186;17.51;80.84;1.65
35;Ille-et-Vilaine;7.0;224;Plerguer;50.54;35224;16.43;82.21;1.36
35;Ille-et-Vilaine;7.0;228;Pleurtuit;49.73;35228;17.73;79.62;2.65
35;Ille-et-Vilaine;7.0;241;La Richardais;56.89;35241;19.34;78.49;2.17
35;Ille-et-Vilaine;7.0;246;Roz-Landrieux;51.73;35246;21.42;77.6;0.98
35;Ille-et-Vilaine;7.0;255;Saint-Benoît-des-Ondes;54.55;35255;12.4;79.96;7.64
35;Ille-et-Vilaine;7.0;256;Saint-Briac-sur-Mer;61.44;35256;14.46;83.83;1.71
35;Ille-et-Vilaine;7.0;263;Saint-Coulomb;56.13;35263;13.73;84.95;1.32
35;Ille-et-Vilaine;7.0;279;Saint-Guinoux;51.38;35279;16.81;81.3;1.89
35;Ille-et-Vilaine;7.0;284;Saint-Jouan-des-Guérets;56.26;35284;15.64;82.85;1.51
35;Ille-et-Vilaine;7.0;287;Saint-Lunaire;63.17;35287;18.4;80.28;1.32
35;Ille-et-Vilaine;7.0;288;Saint-Malo;53.97;35288;17.4;80.58;2.02
35;Ille-et-Vilaine;7.0;299;Saint-Méloir-des-Ondes;51.56;35299;15.22;82.41;2.37
35;Ille-et-Vilaine;7.0;306;Saint-Père;52.03;35306;20.98;77.46;1.56
35;Ille-et-Vilaine;7.0;314;Saint-Suliac;61.94;35314;16.03;81.68;2.29
35;Ille-et-Vilaine;7.0;358;La Ville-ès-Nonais;57.28;35358;16.74;80.73;2.53
35;Ille-et-Vilaine;7.0;361;Le Vivier-sur-Mer;52.09;35361;13.54;86.01;0.45
35;Ille-et-Vilaine;7.0;362;Le Tronchet;58.29;35362;20.24;77.59;2.17
35;Ille-et-Vilaine;8.0;76;Chavagne;55.48;35076;35.96;61.88;2.16
35;Ille-et-Vilaine;8.0;80;Cintré;56.7;35080;35.25;61.03;3.72
35;Ille-et-Vilaine;8.0;131;L'Hermitage;60.36;35131;34.83;63.2;1.97
35;Ille-et-Vilaine;8.0;196;Mordelles;54.1;35196;29.7;68.05;2.25
35;Ille-et-Vilaine;8.0;238;Rennes;55.58;35238;40.72;56.48;2.8
35;Ille-et-Vilaine;8.0;240;Le Rheu;54.52;35240;37.4;60.49;2.11
35;Ille-et-Vilaine;8.0;275;Saint-Gilles;60.41;35275;34.35;63.89;1.76
35;Ille-et-Vilaine;8.0;281;Saint-Jacques-de-la-Lande;51.45;35281;46.55;50.43;3.02
35;Ille-et-Vilaine;8.0;353;Vezin-le-Coquet;59.79;35353;33.29;65.01;1.7
44;Loire-Atlantique;1.0;109;Nantes;54.17;44109;30.52;68.31;1.17
44;Loire-Atlantique;1.0;114;Orvault;54.36;44114;22.62;76.26;1.12
44;Loire-Atlantique;1.0;194;Sautron;62.04;44194;15.45;83.34;1.21
44;Loire-Atlantique;2.0;109;Nantes;56.12;44109;39.24;59.4;1.36
44;Loire-Atlantique;3.0;45;Cordemais;50.02;44045;34.38;61.61;4.01
44;Loire-Atlantique;3.0;47;Couëron;51.14;44047;43.94;53.55;2.51
44;Loire-Atlantique;3.0;74;Indre;54.34;44074;48.65;48.25;3.1
44;Loire-Atlantique;3.0;109;Nantes;48.74;44109;42.93;53.84;3.23
44;Loire-Atlantique;3.0;158;Saint-Etienne-de-Montluc;55.53;44158;35.85;61.19;2.96
44;Loire-Atlantique;3.0;162;Saint-Herblain;52.36;44162;38.28;59.05;2.67
44;Loire-Atlantique;3.0;203;Le Temple-de-Bretagne;53.03;44203;33.52;63.62;2.86
44;Loire-Atlantique;3.0;217;Vigneux-de-Bretagne;54.62;44217;33.23;64.31;2.46
44;Loire-Atlantique;4.0;18;Bouaye;56.83;44018;35.77;62.86;1.37
44;Loire-Atlantique;4.0;20;Bouguenais;51.91;44020;42.87;55.7;1.43
44;Loire-Atlantique;4.0;24;Brains;54.59;44024;43.01;55.79;1.2
44;Loire-Atlantique;4.0;109;Nantes;53.07;44109;47.48;50.88;1.64
44;Loire-Atlantique;4.0;130;Pont-Saint-Martin;51.02;44130;32.19;66.31;1.5
44;Loire-Atlantique;4.0;143;Rezé;52.77;44143;48.25;50.27;1.48
44;Loire-Atlantique;4.0;150;Saint-Aignan-Grandlieu;54.28;44150;36.64;61.74;1.62
44;Loire-Atlantique;4.0;171;Saint-Léger-les-Vignes;55.48;44171;36.01;63.2;0.79
44;Loire-Atlantique;4.0;190;Saint-Sébastien-sur-Loire;53.96;44190;37.87;60.99;1.14
44;Loire-Atlantique;5.0;26;Carquefou;55.25;44026;28.19;71.1;0.71
44;Loire-Atlantique;5.0;27;Casson;51.14;44027;35.26;64.47;0.27
44;Loire-Atlantique;5.0;28;Le Cellier;54.11;44028;33.75;65.67;0.58
44;Loire-Atlantique;5.0;35;La Chapelle-sur-Erdre;57.77;44035;34.38;64.99;0.63
44;Loire-Atlantique;5.0;48;Couffé;50.14;44048;39.32;59.92;0.76
44;Loire-Atlantique;5.0;66;Grandchamps-des-Fontaines;51.17;44066;34.86;64.63;0.51
44;Loire-Atlantique;5.0;73;Héric;49.52;44073;35.2;64.18;0.62
44;Loire-Atlantique;5.0;82;Ligné;53.06;44082;30.03;68.74;1.23
44;Loire-Atlantique;5.0;94;Mauves-sur-Loire;57.41;44094;35.31;64.04;0.65
44;Loire-Atlantique;5.0;107;Mouzeil;48.04;44107;34.84;64.7;0.46
44;Loire-Atlantique;5.0;109;Nantes;53.91;44109;41.98;57.39;0.63
44;Loire-Atlantique;5.0;110;Nort-sur-Erdre;54.14;44110;40.46;58.94;0.6
44;Loire-Atlantique;5.0;122;Petit-Mars;51.52;44122;31.29;68.26;0.45
44;Loire-Atlantique;5.0;172;Sainte-Luce-sur-Loire;57.26;44172;33.86;65.52;0.62
44;Loire-Atlantique;5.0;179;Saint-Mars-du-Désert;54.62;44179;27.36;72.13;0.51
44;Loire-Atlantique;5.0;201;Sucé-sur-Erdre;57.59;44201;29.82;69.71;0.47
44;Loire-Atlantique;5.0;204;Thouaré-sur-Loire;54.19;44204;30.73;68.77;0.5
44;Loire-Atlantique;5.0;205;Les Touches;52.93;44205;36.4;63.05;0.55
44;Loire-Atlantique;5.0;209;Treillières;55.1;44209;30.34;69.08;0.58
44;Loire-Atlantique;6.0;1;Abbaretz;50.65;44001;24.18;75.41;0.41
44;Loire-Atlantique;6.0;3;Ancenis;51.93;44003;21.74;77.65;0.61
44;Loire-Atlantique;6.0;7;Avessac;53.34;44007;24.35;75.13;0.52
44;Loire-Atlantique;6.0;15;Blain;48.68;44015;25.27;74.3;0.43
44;Loire-Atlantique;6.0;17;Bonnoeuvre;51.45;44017;22.51;76.62;0.87
44;Loire-Atlantique;6.0;23;Bouvron;55.64;44023;28.1;71.47;0.43
44;Loire-Atlantique;6.0;31;La Chapelle-Glain;49.91;44031;10.53;89.45;0.02
44;Loire-Atlantique;6.0;36;Châteaubriant;53.82;44036;15.21;84.39;0.4
44;Loire-Atlantique;6.0;44;Conquereuil;54.47;44044;22.86;76.9;0.24
44;Loire-Atlantique;6.0;51;Derval;52.74;44051;18.92;80.23;0.85
44;Loire-Atlantique;6.0;54;Erbray;51.19;44054;16.83;82.74;0.43
44;Loire-Atlantique;6.0;56;Fay-de-Bretagne;50.82;44056;30.33;69.06;0.61
44;Loire-Atlantique;6.0;57;Fégréac;52.81;44057;24.94;74.19;0.87
44;Loire-Atlantique;6.0;58;Fercé;54.03;44058;27.63;71.8;0.57
44;Loire-Atlantique;6.0;60;Le Fresne-sur-Loire;49.51;44060;28.61;69.97;1.42
44;Loire-Atlantique;6.0;62;Le Gâvre;52.15;44062;30.42;68.97;0.61
44;Loire-Atlantique;6.0;65;Grand-Auverné;56.59;44065;13.97;85.09;0.94
44;Loire-Atlantique;6.0;67;Guémené-Penfao;53.51;44067;23.0;76.71;0.29
44;Loire-Atlantique;6.0;75;Issé;57.27;44075;14.64;84.59;0.77
44;Loire-Atlantique;6.0;76;Jans;47.54;44076;21.34;77.36;1.3
44;Loire-Atlantique;6.0;77;Joué-sur-Erdre;54.93;44077;26.35;73.23;0.42
44;Loire-Atlantique;6.0;78;Juigné-des-Moutiers;58.09;44078;13.93;85.45;0.62
44;Loire-Atlantique;6.0;85;Louisfert;59.7;44085;16.01;83.06;0.93
44;Loire-Atlantique;6.0;86;Lusanger;52.27;44086;16.87;81.87;1.26
44;Loire-Atlantique;6.0;91;Marsac-sur-Don;55.19;44091;24.48;75.04;0.48
44;Loire-Atlantique;6.0;92;Massérac;50.76;44092;26.69;72.55;0.76
44;Loire-Atlantique;6.0;93;Maumusson;50.33;44093;13.02;85.42;1.56
44;Loire-Atlantique;6.0;95;La Meilleraye-de-Bretagne;55.14;44095;12.93;85.37;1.7
44;Loire-Atlantique;6.0;96;Mésanger;48.8;44096;19.41;79.99;0.6
44;Loire-Atlantique;6.0;99;Moisdon-la-Rivière;56.85;44099;13.58;85.8;0.62
44;Loire-Atlantique;6.0;104;Montrelais;53.04;44104;25.08;74.0;0.92
44;Loire-Atlantique;6.0;105;Mouais;64.81;44105;17.14;82.85;0.01
44;Loire-Atlantique;6.0;111;Notre-Dame-des-Landes;47.81;44111;36.12;63.6;0.28
44;Loire-Atlantique;6.0;112;Noyal-sur-Brutz;48.86;44112;17.76;81.3;0.94
44;Loire-Atlantique;6.0;113;Nozay;55.73;44113;22.34;77.46;0.2
44;Loire-Atlantique;6.0;115;Oudon;53.71;44115;27.53;72.08;0.39
44;Loire-Atlantique;6.0;118;Pannecé;49.13;44118;25.72;74.05;0.23
44;Loire-Atlantique;6.0;121;Petit-Auverné;53.18;44121;19.16;80.86;0.0
44;Loire-Atlantique;6.0;123;Pierric;54.49;44123;18.81;80.68;0.51
44;Loire-Atlantique;6.0;124;Le Pin;47.91;44124;14.68;84.53;0.79
44;Loire-Atlantique;6.0;128;Plessé;50.87;44128;29.91;69.5;0.59
44;Loire-Atlantique;6.0;134;Pouillé-les-Côteaux;46.35;44134;24.54;74.85;0.61
44;Loire-Atlantique;6.0;138;Puceul;51.0;44138;22.69;77.31;0.0
44;Loire-Atlantique;6.0;144;Riaillé;55.08;44144;20.06;79.24;0.7
44;Loire-Atlantique;6.0;146;Rougé;51.05;44146;15.32;83.63;1.05
44;Loire-Atlantique;6.0;148;Ruffigné;56.81;44148;11.58;88.02;0.4
44;Loire-Atlantique;6.0;149;Saffré;51.66;44149;31.17;68.28;0.55
44;Loire-Atlantique;6.0;153;Saint-Aubin-des-Châteaux;51.71;44153;18.14;81.23;0.63
44;Loire-Atlantique;6.0;160;Saint-Géréon;58.94;44160;21.12;78.6;0.28
44;Loire-Atlantique;6.0;163;Vair-sur-Loire;52.74;44163;24.86;74.19;0.95
44;Loire-Atlantique;6.0;170;Saint-Julien-de-Vouvantes;49.22;44170;12.34;86.4;1.26
44;Loire-Atlantique;6.0;180;Saint-Mars-la-Jaille;47.85;44180;15.33;84.68;0.0
44;Loire-Atlantique;6.0;185;Saint-Nicolas-de-Redon;50.23;44185;25.06;74.34;0.6
44;Loire-Atlantique;6.0;191;Saint-Sulpice-des-Landes;45.85;44191;9.05;90.96;0.0
44;Loire-Atlantique;6.0;193;Saint-Vincent-des-Landes;53.14;44193;19.77;80.03;0.2
44;Loire-Atlantique;6.0;197;Sion-les-Mines;54.44;44197;18.34;81.66;0.0
44;Loire-Atlantique;6.0;199;Soudan;51.13;44199;15.17;84.35;0.48
44;Loire-Atlantique;6.0;200;Soulvache;48.15;44200;20.77;79.24;0.0
44;Loire-Atlantique;6.0;202;Teillé;50.31;44202;28.63;70.75;0.62
44;Loire-Atlantique;6.0;207;Trans-sur-Erdre;55.79;44207;20.19;79.83;0.0
44;Loire-Atlantique;6.0;208;Treffieux;51.94;44208;29.86;69.79;0.35
44;Loire-Atlantique;6.0;213;Loireauxence;50.0;44213;19.61;79.82;0.57
44;Loire-Atlantique;6.0;214;Vay;48.63;44214;31.7;68.17;0.13
44;Loire-Atlantique;6.0;218;Villepot;50.61;44218;13.25;86.35;0.4
44;Loire-Atlantique;6.0;219;Vritz;43.32;44219;11.65;87.22;1.13
44;Loire-Atlantique;6.0;221;La Chevallerais;50.52;44221;30.67;69.14;0.19
44;Loire-Atlantique;6.0;222;La Roche-Blanche;51.71;44222;16.85;82.92;0.23
44;Loire-Atlantique;6.0;224;La Grigonnais;52.26;44224;33.11;66.22;0.67
44;Loire-Atlantique;7.0;6;Assérac;50.75;44006;25.51;72.81;1.68
44;Loire-Atlantique;7.0;10;Batz-sur-Mer;53.92;44010;26.61;72.65;0.74
44;Loire-Atlantique;7.0;13;Besné;47.8;44013;33.13;65.99;0.88
44;Loire-Atlantique;7.0;30;La Chapelle-des-Marais;54.46;44030;36.16;62.86;0.98
44;Loire-Atlantique;7.0;49;Le Croisic;54.97;44049;19.72;79.61;0.67
44;Loire-Atlantique;7.0;50;Crossac;47.4;44050;32.68;66.72;0.6
44;Loire-Atlantique;7.0;53;Drefféac;49.71;44053;28.82;70.28;0.9
44;Loire-Atlantique;7.0;55;La Baule-Escoublac;56.75;44055;13.32;86.04;0.64
44;Loire-Atlantique;7.0;68;Guenrouet;50.87;44068;34.69;64.42;0.89
44;Loire-Atlantique;7.0;69;Guérande;52.12;44069;21.64;77.53;0.83
44;Loire-Atlantique;7.0;72;Herbignac;52.3;44072;26.42;73.09;0.49
44;Loire-Atlantique;7.0;97;Mesquer;60.18;44097;19.99;79.33;0.68
44;Loire-Atlantique;7.0;98;Missillac;48.66;44098;24.56;74.65;0.79
44;Loire-Atlantique;7.0;125;Piriac-sur-Mer;58.95;44125;16.44;83.25;0.31
44;Loire-Atlantique;7.0;129;Pontchâteau;48.8;44129;26.28;72.76;0.96
44;Loire-Atlantique;7.0;132;Pornichet;54.26;44132;18.38;80.95;0.67
44;Loire-Atlantique;7.0;135;Le Pouliguen;56.14;44135;14.47;84.45;1.08
44;Loire-Atlantique;7.0;151;Saint-André-des-Eaux;52.95;44151;20.23;78.89;0.88
44;Loire-Atlantique;7.0;152;Sainte-Anne-sur-Brivet;51.21;44152;29.56;69.53;0.91
44;Loire-Atlantique;7.0;161;Saint-Gildas-des-Bois;52.17;44161;24.92;74.24;0.84
44;Loire-Atlantique;7.0;168;Saint-Joachim;48.63;44168;40.9;58.85;0.25
44;Loire-Atlantique;7.0;175;Saint-Lyphard;54.41;44175;25.78;73.21;1.01
44;Loire-Atlantique;7.0;183;Saint-Molf;51.78;44183;28.78;70.92;0.3
44;Loire-Atlantique;7.0;189;Sainte-Reine-de-Bretagne;47.87;44189;36.29;62.37;1.34
44;Loire-Atlantique;7.0;196;Sévérac;49.27;44196;30.83;68.3;0.87
44;Loire-Atlantique;7.0;211;La Turballe;54.27;44211;21.34;77.92;0.74
44;Loire-Atlantique;8.0;19;Bouée;51.97;44019;28.52;68.85;2.63
44;Loire-Atlantique;8.0;25;Campbon;55.64;44025;33.39;63.58;3.03
44;Loire-Atlantique;8.0;33;La Chapelle-Launay;54.16;44033;34.48;63.15;2.37
44;Loire-Atlantique;8.0;52;Donges;47.48;44052;37.68;60.21;2.11
44;Loire-Atlantique;8.0;80;Lavau-sur-Loire;62.66;44080;39.84;55.69;4.47
44;Loire-Atlantique;8.0;89;Malville;51.24;44089;37.03;59.9;3.07
44;Loire-Atlantique;8.0;103;Montoir-de-Bretagne;44.36;44103;39.89;57.56;2.55
44;Loire-Atlantique;8.0;137;Prinquiau;52.85;44137;31.51;66.12;2.37
44;Loire-Atlantique;8.0;139;Quilly;45.36;44139;37.15;61.9;0.95
44;Loire-Atlantique;8.0;176;Saint-Malo-de-Guersac;50.06;44176;45.25;52.28;2.47
44;Loire-Atlantique;8.0;184;Saint-Nazaire;49.48;44184;39.75;57.72;2.53
44;Loire-Atlantique;8.0;195;Savenay;51.1;44195;32.32;64.81;2.87
44;Loire-Atlantique;8.0;210;Trignac;45.77;44210;45.07;53.31;1.62
44;Loire-Atlantique;9.0;5;Chaumes-en-Retz;49.13;44005;35.56;63.82;0.62
44;Loire-Atlantique;9.0;12;La Bernerie-en-Retz;62.13;44012;29.39;70.17;0.44
44;Loire-Atlantique;9.0;21;Villeneuve-en-Retz;48.56;44021;32.39;66.94;0.67
44;Loire-Atlantique;9.0;38;Chauvé;48.48;44038;31.24;68.17;0.59
44;Loire-Atlantique;9.0;39;Cheix-en-Retz;52.34;44039;40.42;58.83;0.75
44;Loire-Atlantique;9.0;41;La Chevrolière;51.71;44041;35.78;63.9;0.32
44;Loire-Atlantique;9.0;46;Corsept;47.38;44046;37.11;62.37;0.52
44;Loire-Atlantique;9.0;61;Frossay;51.23;44061;32.6;66.8;0.6
44;Loire-Atlantique;9.0;81;Legé;47.89;44081;35.16;64.01;0.83
44;Loire-Atlantique;9.0;83;La Limouzinière;49.62;44083;37.49;61.89;0.62
44;Loire-Atlantique;9.0;87;Machecoul-Saint-Même;51.32;44087;35.23;64.4;0.37
44;Loire-Atlantique;9.0;90;La Marne;44.47;44090;39.92;59.86;0.22
44;Loire-Atlantique;9.0;101;La Montagne;51.97;44101;51.93;47.65;0.42
44;Loire-Atlantique;9.0;106;Les Moutiers-en-Retz;57.92;44106;35.71;63.92;0.37
44;Loire-Atlantique;9.0;116;Paimboeuf;50.94;44116;40.5;59.13;0.37
44;Loire-Atlantique;9.0;119;Paulx;52.55;44119;35.35;63.91;0.74
44;Loire-Atlantique;9.0;120;Le Pellerin;50.08;44120;44.86;54.53;0.61
44;Loire-Atlantique;9.0;126;La Plaine-sur-Mer;54.9;44126;29.49;70.09;0.42
44;Loire-Atlantique;9.0;131;Pornic;59.02;44131;24.14;75.51;0.35
44;Loire-Atlantique;9.0;133;Port-Saint-Père;51.6;44133;36.16;63.58;0.26
44;Loire-Atlantique;9.0;136;Préfailles;59.32;44136;24.37;75.38;0.25
44;Loire-Atlantique;9.0;145;Rouans;49.07;44145;36.89;62.82;0.29
44;Loire-Atlantique;9.0;154;Saint-Brevin-les-Pins;56.26;44154;29.97;69.63;0.4
44;Loire-Atlantique;9.0;155;Saint-Colomban;53.05;44155;35.12;64.52;0.36
44;Loire-Atlantique;9.0;156;Corcoué-sur-Logne;47.98;44156;43.82;54.81;1.37
44;Loire-Atlantique;9.0;157;Saint-Etienne-de-Mer-Morte;47.56;44157;36.68;63.14;0.18
44;Loire-Atlantique;9.0;164;Saint-Hilaire-de-Chaléons;49.59;44164;37.28;62.21;0.51
44;Loire-Atlantique;9.0;166;Saint-Jean-de-Boiseau;52.73;44166;46.75;52.97;0.28
44;Loire-Atlantique;9.0;174;Saint-Lumine-de-Coutais;53.23;44174;32.64;66.99;0.37
44;Loire-Atlantique;9.0;178;Saint-Mars-de-Coutais;52.02;44178;41.34;58.57;0.09
44;Loire-Atlantique;9.0;182;Saint-Michel-Chef-Chef;56.4;44182;25.42;74.02;0.56
44;Loire-Atlantique;9.0;186;Sainte-Pazanne;55.75;44186;36.7;62.86;0.44
44;Loire-Atlantique;9.0;187;Saint-Père-en-Retz;49.29;44187;30.48;68.97;0.55
44;Loire-Atlantique;9.0;188;Saint-Philbert-de-Grand-Lieu;53.24;44188;40.07;59.53;0.4
44;Loire-Atlantique;9.0;192;Saint-Viaud;51.61;44192;34.13;65.65;0.22
44;Loire-Atlantique;9.0;206;Touvois;53.31;44206;39.59;59.73;0.68
44;Loire-Atlantique;9.0;220;Vue;46.8;44220;39.28;60.15;0.57
44;Loire-Atlantique;10.0;2;Aigrefeuille-sur-Maine;51.28;44002;23.45;76.19;0.36
44;Loire-Atlantique;10.0;9;Basse-Goulaine;59.36;44009;21.99;77.68;0.33
44;Loire-Atlantique;10.0;14;Le Bignon;54.0;44014;25.56;74.35;0.09
44;Loire-Atlantique;10.0;16;La Boissière-du-Doré;52.34;44016;24.4;74.54;1.06
44;Loire-Atlantique;10.0;22;Boussay;47.61;44022;20.54;78.63;0.83
44;Loire-Atlantique;10.0;29;Divatte-sur-Loire;51.15;44029;23.46;75.93;0.61
44;Loire-Atlantique;10.0;32;La Chapelle-Heulin;55.28;44032;19.41;80.21;0.38
44;Loire-Atlantique;10.0;37;Château-Thébaud;57.08;44037;23.01;76.68;0.31
44;Loire-Atlantique;10.0;43;Clisson;55.29;44043;26.21;73.46;0.33
44;Loire-Atlantique;10.0;63;Gétigné;51.95;44063;23.15;76.49;0.36
44;Loire-Atlantique;10.0;64;Gorges;56.18;44064;21.81;77.63;0.56
44;Loire-Atlantique;10.0;70;La Haie-Fouassière;54.77;44070;30.11;69.03;0.86
44;Loire-Atlantique;10.0;71;Haute-Goulaine;57.03;44071;19.86;79.61;0.53
44;Loire-Atlantique;10.0;79;Le Landreau;48.71;44079;23.1;76.35;0.55
44;Loire-Atlantique;10.0;84;Le Loroux-Bottereau;51.87;44084;24.07;75.22;0.71
44;Loire-Atlantique;10.0;88;Maisdon-sur-Sèvre;50.8;44088;28.68;70.68;0.64
44;Loire-Atlantique;10.0;100;Monnières;55.09;44100;25.2;74.13;0.67
44;Loire-Atlantique;10.0;102;Montbert;54.66;44102;24.11;75.32;0.57
44;Loire-Atlantique;10.0;108;Mouzillon;52.37;44108;26.35;73.47;0.18
44;Loire-Atlantique;10.0;117;Le Pallet;56.39;44117;30.33;69.36;0.31
44;Loire-Atlantique;10.0;127;La Planche;48.09;44127;18.06;81.48;0.46
44;Loire-Atlantique;10.0;140;La Regrippière;48.32;44140;23.16;75.51;1.33
44;Loire-Atlantique;10.0;141;La Remaudière;50.63;44141;23.81;75.68;0.51
44;Loire-Atlantique;10.0;142;Remouillé;53.27;44142;21.58;77.99;0.43
44;Loire-Atlantique;10.0;159;Saint-Fiacre-sur-Maine;56.85;44159;25.36;73.73;0.91
44;Loire-Atlantique;10.0;165;Saint-Hilaire-de-Clisson;51.5;44165;25.03;74.15;0.82
44;Loire-Atlantique;10.0;169;Saint-Julien-de-Concelles;51.86;44169;24.87;74.23;0.9
44;Loire-Atlantique;10.0;173;Saint-Lumine-de-Clisson;51.83;44173;25.67;73.39;0.94
44;Loire-Atlantique;10.0;198;Les Sorinières;55.79;44198;25.34;74.07;0.59
44;Loire-Atlantique;10.0;212;Vallet;53.96;44212;19.8;79.97;0.23
44;Loire-Atlantique;10.0;215;Vertou;57.75;44215;23.46;76.17;0.37
44;Loire-Atlantique;10.0;216;Vieillevigne;49.82;44216;20.43;79.1;0.47
44;Loire-Atlantique;10.0;223;Geneston;46.74;44223;21.07;78.52;0.41
56;Morbihan;1.0;2;Ambon;50.91;56002;23.89;74.75;1.36
56;Morbihan;1.0;3;Arradon;61.85;56003;15.22;83.44;1.34
56;Morbihan;1.0;4;Arzal;50.13;56004;22.62;76.88;0.5
56;Morbihan;1.0;5;Arzon;60.07;56005;10.68;87.38;1.94
56;Morbihan;1.0;8;Baden;55.85;56008;15.15;83.5;1.35
56;Morbihan;1.0;18;Billiers;60.96;56018;25.57;70.96;3.47
56;Morbihan;1.0;52;Damgan;61.84;56052;14.06;84.02;1.92
56;Morbihan;1.0;77;Le Guerno;46.87;56077;18.95;79.8;1.25
56;Morbihan;1.0;84;Le Hézo;55.01;56084;18.5;79.89;1.61
56;Morbihan;1.0;87;Ile-aux-Moines;62.5;56087;9.06;89.76;1.18
56;Morbihan;1.0;88;Ile-d'Arz;75.09;56088;14.49;84.58;0.93
56;Morbihan;1.0;106;Larmor-Baden;65.49;56106;15.48;83.47;1.05
56;Morbihan;1.0;143;Muzillac;55.33;56143;16.69;81.82;1.49
56;Morbihan;1.0;149;Noyal-Muzillac;54.35;56149;16.76;81.83;1.41
56;Morbihan;1.0;164;Ploeren;51.16;56164;15.57;83.18;1.25
56;Morbihan;1.0;205;Saint-Armel;60.1;56205;18.38;81.24;0.38
56;Morbihan;1.0;206;Saint-Avé;54.37;56206;13.85;84.57;1.58
56;Morbihan;1.0;214;Saint-Gildas-de-Rhuys;59.92;56214;11.73;85.55;2.72
56;Morbihan;1.0;240;Sarzeau;60.49;56240;12.58;85.65;1.77
56;Morbihan;1.0;243;Séné;56.36;56243;17.22;81.37;1.41
56;Morbihan;1.0;248;Surzur;52.03;56248;14.42;83.45;2.13
56;Morbihan;1.0;251;Theix-Noyalo;52.49;56251;14.91;83.63;1.46
56;Morbihan;1.0;252;Le Tour-du-Parc;61.58;56252;15.93;82.88;1.19
56;Morbihan;1.0;259;La Trinité-Surzur;44.03;56259;16.91;81.62;1.47
56;Morbihan;1.0;260;Vannes;54.15;56260;16.33;81.91;1.76
56;Morbihan;2.0;7;Auray;51.54;56007;28.99;40.39;30.62
56;Morbihan;2.0;9;Bangor;53.66;56009;31.99;33.05;34.96
56;Morbihan;2.0;13;Belz;52.72;56013;28.56;41.51;29.93
56;Morbihan;2.0;23;Brech;55.17;56023;28.92;41.05;30.03
56;Morbihan;2.0;31;Camors;49.35;56031;32.72;39.35;27.93
56;Morbihan;2.0;34;Carnac;54.61;56034;16.4;51.41;32.19
56;Morbihan;2.0;46;Crach;58.9;56046;19.64;51.46;28.9
56;Morbihan;2.0;54;Erdeven;50.39;56054;21.87;46.03;32.1
56;Morbihan;2.0;55;Etel;53.82;56055;25.3;42.5;32.2
56;Morbihan;2.0;62;Gâvres;58.7;56062;36.56;36.01;27.43
56;Morbihan;2.0;85;Hoedic;59.52;56085;14.66;69.33;16.01
56;Morbihan;2.0;86;Ile- d'Houat;51.82;56086;34.5;38.73;26.77
56;Morbihan;2.0;94;Kervignac;54.86;56094;27.74;39.53;32.73
56;Morbihan;2.0;96;Landaul;49.2;56096;31.72;42.01;26.27
56;Morbihan;2.0;97;Landévant;50.55;56097;28.4;41.45;30.15
56;Morbihan;2.0;114;Locmaria;60.32;56114;27.33;33.8;38.87
56;Morbihan;2.0;116;Locmariaquer;56.53;56116;20.48;47.43;32.09
56;Morbihan;2.0;118;Locmiquélic;51.01;56118;39.79;35.53;24.68
56;Morbihan;2.0;119;Locoal-Mendon;50.25;56119;27.79;44.5;27.71
56;Morbihan;2.0;130;Merlevenez;51.88;56130;27.53;45.53;26.94
56;Morbihan;2.0;148;Nostang;54.05;56148;35.64;33.86;30.5
56;Morbihan;2.0;152;Le Palais;50.86;56152;37.47;32.62;29.91
56;Morbihan;2.0;161;Ploemel;52.82;56161;22.58;52.25;25.17
56;Morbihan;2.0;167;Plougoumelen;55.53;56167;24.98;38.56;36.46
56;Morbihan;2.0;168;Plouharnel;54.84;56168;20.85;51.05;28.1
56;Morbihan;2.0;169;Plouhinec;51.0;56169;28.58;44.06;27.36
56;Morbihan;2.0;175;Plumergat;56.38;56175;21.23;56.38;22.39
56;Morbihan;2.0;176;Pluneret;52.06;56176;26.99;39.58;33.43
56;Morbihan;2.0;177;Pluvigner;46.33;56177;30.4;42.8;26.8
56;Morbihan;2.0;181;Port-Louis;55.86;56181;36.07;39.36;24.57
56;Morbihan;2.0;186;Quiberon;51.57;56186;18.52;50.06;31.42
56;Morbihan;2.0;193;Riantec;51.51;56193;37.23;38.02;24.75
56;Morbihan;2.0;220;Sainte-Hélène;52.27;56220;29.5;45.17;25.33
56;Morbihan;2.0;233;Saint-Philibert;60.16;56233;16.46;51.55;31.99
56;Morbihan;2.0;234;Saint-Pierre-Quiberon;52.74;56234;22.74;48.68;28.58
56;Morbihan;2.0;241;Sauzon;51.03;56241;26.64;42.96;30.4
56;Morbihan;2.0;258;La Trinité-sur-Mer;58.87;56258;13.05;58.14;28.81
56;Morbihan;2.0;262;Le Bono;54.3;56262;28.18;35.27;36.55
56;Morbihan;2.0;263;Sainte-Anne-d'Auray;56.2;56263;20.64;50.61;28.75
56;Morbihan;3.0;10;Baud;53.75;56010;19.56;79.97;0.47
56;Morbihan;3.0;16;Bieuzy;53.91;56016;33.99;66.0;0.01
56;Morbihan;3.0;17;Bignan;52.83;56017;14.9;84.91;0.19
56;Morbihan;3.0;19;Billio;59.62;56019;15.87;84.13;0.0
56;Morbihan;3.0;22;Brandivy;53.59;56022;21.06;78.73;0.21
56;Morbihan;3.0;24;Bréhan;51.38;56024;13.7;85.83;0.47
56;Morbihan;3.0;27;Buléon;57.5;56027;12.08;87.44;0.48
56;Morbihan;3.0;39;La Chapelle-Neuve;51.76;56039;12.75;86.4;0.85
56;Morbihan;3.0;42;Colpo;54.28;56042;21.21;77.76;1.03
56;Morbihan;3.0;47;Crédin;52.79;56047;14.11;84.84;1.05
56;Morbihan;3.0;49;Croixanvec;57.38;56049;15.72;84.29;0.0
56;Morbihan;3.0;53;Elven;52.49;56053;21.67;77.74;0.59
56;Morbihan;3.0;67;Grand-Champ;53.11;56067;19.08;80.39;0.53
56;Morbihan;3.0;71;Guéhenno;53.75;56071;15.55;83.48;0.97
56;Morbihan;3.0;72;Gueltas;47.48;56072;27.94;72.07;0.0
56;Morbihan;3.0;74;Guénin;54.05;56074;14.49;84.85;0.66
56;Morbihan;3.0;76;Guern;51.35;56076;33.59;65.83;0.58
56;Morbihan;3.0;92;Kerfourn;49.68;56092;21.8;77.23;0.97
56;Morbihan;3.0;103;Lantillac;54.1;56103;22.73;76.52;0.75
56;Morbihan;3.0;115;Locmaria-Grand-Champ;48.73;56115;21.01;78.64;0.35
56;Morbihan;3.0;117;Locminé;53.65;56117;17.07;82.67;0.26
56;Morbihan;3.0;120;Locqueltas;54.95;56120;19.13;80.33;0.54
56;Morbihan;3.0;128;Melrand;58.02;56128;25.76;73.66;0.58
56;Morbihan;3.0;132;Meucon;58.97;56132;19.83;79.22;0.95
56;Morbihan;3.0;137;Monterblanc;49.83;56137;20.44;78.5;1.06
56;Morbihan;3.0;140;Moréac;52.33;56140;14.0;85.59;0.41
56;Morbihan;3.0;141;Moustoir-Ac;59.32;56141;14.35;85.51;0.14
56;Morbihan;3.0;144;Evellys;50.44;56144;16.32;83.47;0.21
56;Morbihan;3.0;151;Noyal-Pontivy;54.47;56151;16.2;83.6;0.2
56;Morbihan;3.0;157;Plaudren;51.26;56157;18.37;81.06;0.57
56;Morbihan;3.0;158;Plescop;50.12;56158;22.9;76.62;0.48
56;Morbihan;3.0;160;Pleugriffet;47.19;56160;15.6;84.19;0.21
56;Morbihan;3.0;172;Plumelec;53.2;56172;17.7;81.84;0.46
56;Morbihan;3.0;173;Pluméliau;56.66;56173;20.15;79.55;0.3
56;Morbihan;3.0;174;Plumelin;53.59;56174;15.77;83.96;0.27
56;Morbihan;3.0;178;Pontivy;53.69;56178;22.53;77.04;0.43
56;Morbihan;3.0;189;Radenac;50.4;56189;14.43;85.57;0.0
56;Morbihan;3.0;190;Réguiny;53.45;56190;16.3;83.02;0.68
56;Morbihan;3.0;198;Rohan;55.76;56198;23.55;76.15;0.3
56;Morbihan;3.0;204;Saint-Allouestre;55.09;56204;15.25;84.75;0.0
56;Morbihan;3.0;207;Saint-Barthélemy;55.01;56207;20.04;79.76;0.2
56;Morbihan;3.0;213;Saint-Gérand;55.33;56213;22.67;77.13;0.2
56;Morbihan;3.0;215;Saint-Gonnery;53.13;56215;17.11;82.65;0.24
56;Morbihan;3.0;222;Saint-Jean-Brévelay;52.42;56222;14.92;84.54;0.54
56;Morbihan;3.0;231;Saint-Nolff;53.77;56231;25.88;73.2;0.92
56;Morbihan;3.0;237;Saint-Thuriau;53.64;56237;21.19;78.81;0.0
56;Morbihan;3.0;246;Le Sourn;55.07;56246;26.37;72.98;0.65
56;Morbihan;3.0;247;Sulniac;51.42;56247;22.98;76.01;1.01
56;Morbihan;3.0;254;Trédion;52.07;56254;22.22;76.11;1.67
56;Morbihan;3.0;255;Treffléan;52.05;56255;23.32;75.21;1.47
56;Morbihan;3.0;261;La Vraie-Croix;60.22;56261;24.04;75.67;0.29
56;Morbihan;4.0;1;Allaire;51.56;56001;23.15;76.31;0.54
56;Morbihan;4.0;6;Augan;52.82;56006;15.45;83.72;0.83
56;Morbihan;4.0;11;Béganne;48.25;56011;22.11;76.81;1.08
56;Morbihan;4.0;12;Beignon;55.56;56012;17.74;81.61;0.65
56;Morbihan;4.0;15;Berric;50.38;56015;21.57;77.82;0.61
56;Morbihan;4.0;20;Bohal;53.54;56020;25.17;74.52;0.31
56;Morbihan;4.0;25;Brignac;61.19;56025;10.98;87.81;1.21
56;Morbihan;4.0;28;Caden;51.57;56028;17.17;82.53;0.3
56;Morbihan;4.0;30;Camoël;56.87;56030;19.68;79.42;0.9
56;Morbihan;4.0;32;Campénéac;53.24;56032;15.6;83.74;0.66
56;Morbihan;4.0;33;Carentoir;53.42;56033;13.93;85.46;0.61
56;Morbihan;4.0;35;Caro;47.62;56035;14.89;84.42;0.69
56;Morbihan;4.0;43;Concoret;58.81;56043;26.0;74.0;0.0
56;Morbihan;4.0;44;Cournon;59.0;56044;17.86;82.14;0.0
56;Morbihan;4.0;45;Le Cours;56.76;56045;19.93;78.91;1.16
56;Morbihan;4.0;50;La Croix-Helléan;53.27;56050;16.08;83.32;0.6
56;Morbihan;4.0;51;Cruguel;62.96;56051;11.07;87.54;1.39
56;Morbihan;4.0;56;Evriguet;70.23;56056;19.56;80.43;0.01
56;Morbihan;4.0;58;Férel;53.12;56058;20.58;78.23;1.19
56;Morbihan;4.0;59;Les Forges;47.13;56059;11.49;88.52;0.0
56;Morbihan;4.0;60;Les Fougerêts;61.64;56060;15.24;84.76;0.0
56;Morbihan;4.0;61;La Gacilly;50.31;56061;16.8;82.22;0.98
56;Morbihan;4.0;65;Gourhel;58.17;56065;12.04;87.63;0.33
56;Morbihan;4.0;68;La Grée-Saint-Laurent;51.52;56068;8.82;90.44;0.74
56;Morbihan;4.0;70;Guégon;53.23;56070;12.13;87.34;0.53
56;Morbihan;4.0;75;Guer;53.52;56075;13.81;85.86;0.33
56;Morbihan;4.0;79;Guillac;53.56;56079;16.3;82.01;1.69
56;Morbihan;4.0;80;Guilliers;55.23;56080;17.36;81.65;0.99
56;Morbihan;4.0;82;Helléan;54.4;56082;20.6;79.42;0.0
56;Morbihan;4.0;91;Josselin;59.24;56091;15.59;83.68;0.73
56;Morbihan;4.0;102;Lanouée;48.55;56102;12.54;87.32;0.14
56;Morbihan;4.0;108;Larré;49.74;56108;25.92;73.0;1.08
56;Morbihan;4.0;109;Lauzach;50.44;56109;16.09;83.18;0.73
56;Morbihan;4.0;111;Limerzel;50.93;56111;19.31;80.12;0.57
56;Morbihan;4.0;112;Lizio;60.52;56112;18.52;80.9;0.58
56;Morbihan;4.0;122;Loyat;54.85;56122;15.45;83.36;1.19
56;Morbihan;4.0;123;Malansac;50.08;56123;19.8;79.76;0.44
56;Morbihan;4.0;124;Malestroit;59.69;56124;12.31;87.27;0.42
56;Morbihan;4.0;126;Marzan;47.64;56126;18.96;80.67;0.37
56;Morbihan;4.0;127;Mauron;49.89;56127;16.2;83.21;0.59
56;Morbihan;4.0;129;Ménéac;48.87;56129;15.51;84.49;0.0
56;Morbihan;4.0;133;Missiriac;53.49;56133;13.03;86.75;0.22
56;Morbihan;4.0;134;Mohon;54.71;56134;9.68;88.99;1.33
56;Morbihan;4.0;135;Molac;46.29;56135;23.09;76.14;0.77
56;Morbihan;4.0;136;Monteneuf;50.27;56136;15.41;84.59;0.0
56;Morbihan;4.0;138;Monterrein;57.61;56138;18.24;81.14;0.62
56;Morbihan;4.0;139;Montertelot;58.77;56139;11.6;87.85;0.55
56;Morbihan;4.0;145;Néant-sur-Yvel;57.48;56145;20.78;78.13;1.09
56;Morbihan;4.0;147;Nivillac;52.71;56147;14.12;85.21;0.67
56;Morbihan;4.0;153;Péaule;45.7;56153;17.23;81.4;1.37
56;Morbihan;4.0;154;Peillac;57.61;56154;22.74;77.03;0.23
56;Morbihan;4.0;155;Pénestin;60.68;56155;16.82;81.71;1.47
56;Morbihan;4.0;159;Pleucadeuc;55.45;56159;15.1;83.59;1.31
56;Morbihan;4.0;165;Ploërmel;53.18;56165;15.1;84.23;0.67
56;Morbihan;4.0;171;Pluherlin;52.59;56171;19.84;78.85;1.31
56;Morbihan;4.0;180;Porcaro;50.29;56180;15.06;83.4;1.54
56;Morbihan;4.0;184;Questembert;52.35;56184;21.34;78.15;0.51
56;Morbihan;4.0;191;Réminiac;43.96;56191;18.32;80.15;1.53
56;Morbihan;4.0;194;Rieux;51.36;56194;20.08;79.33;0.59
56;Morbihan;4.0;195;La Roche-Bernard;58.52;56195;22.79;76.58;0.63
56;Morbihan;4.0;196;Rochefort-en-Terre;63.26;56196;30.15;68.75;1.1
56;Morbihan;4.0;197;Val d'Oust;51.78;56197;19.29;80.35;0.36
56;Morbihan;4.0;200;Ruffiac;51.8;56200;9.88;89.26;0.86
56;Morbihan;4.0;202;Saint-Abraham;63.18;56202;20.3;79.71;0.0
56;Morbihan;4.0;208;Saint-Brieuc-de-Mauron;62.7;56208;20.25;77.22;2.53
56;Morbihan;4.0;211;Saint-Congard;55.46;56211;12.93;86.76;0.31
56;Morbihan;4.0;212;Saint-Dolay;48.86;56212;22.66;77.09;0.25
56;Morbihan;4.0;216;Saint-Gorgon;53.93;56216;17.88;80.79;1.33
56;Morbihan;4.0;218;Saint-Gravé;54.37;56218;21.77;77.28;0.95
56;Morbihan;4.0;219;Saint-Guyomard;53.29;56219;16.2;82.79;1.01
56;Morbihan;4.0;221;Saint-Jacut-les-Pins;53.37;56221;21.93;77.03;1.04
56;Morbihan;4.0;223;Saint-Jean-la-Poterie;51.54;56223;25.38;73.76;0.86
56;Morbihan;4.0;224;Saint-Laurent-sur-Oust;57.33;56224;17.43;81.98;0.59
56;Morbihan;4.0;225;Saint-Léry;51.01;56225;25.0;72.37;2.63
56;Morbihan;4.0;226;Saint-Malo-de-Beignon;59.73;56226;17.89;82.1;0.01
56;Morbihan;4.0;227;Saint-Malo-des-Trois-Fontaines;54.04;56227;12.15;86.45;1.4
56;Morbihan;4.0;228;Saint-Marcel;53.47;56228;16.96;82.82;0.22
56;Morbihan;4.0;229;Saint-Martin-sur-Oust;52.65;56229;14.73;85.08;0.19
56;Morbihan;4.0;230;Saint-Nicolas-du-Tertre;54.44;56230;9.48;90.52;0.0
56;Morbihan;4.0;232;Saint-Perreux;56.92;56232;26.05;73.37;0.58
56;Morbihan;4.0;236;Saint-Servant-sur-Oust;56.76;56236;16.84;82.65;0.51
56;Morbihan;4.0;239;Saint-Vincent-sur-Oust;54.36;56239;22.01;77.13;0.86
56;Morbihan;4.0;244;Sérent;49.96;56244;14.32;85.41;0.27
56;Morbihan;4.0;249;Taupont;58.13;56249;11.73;87.49;0.78
56;Morbihan;4.0;250;Théhillac;48.94;56250;19.91;79.65;0.44
56;Morbihan;4.0;253;Tréal;52.02;56253;16.74;82.49;0.77
56;Morbihan;4.0;256;Tréhorenteuc;59.48;56256;31.89;68.12;0.0
56;Morbihan;4.0;257;La Trinité-Porhoët;56.61;56257;13.06;86.25;0.69
56;Morbihan;5.0;69;Groix;55.71;56069;27.5;70.49;2.01
56;Morbihan;5.0;98;Lanester;48.7;56098;30.58;67.07;2.35
56;Morbihan;5.0;107;Larmor-Plage;58.32;56107;14.53;83.87;1.6
56;Morbihan;5.0;121;Lorient;48.24;56121;27.38;70.71;1.91
56;Morbihan;5.0;162;Ploemeur;52.84;56162;18.24;80.31;1.45
56;Morbihan;6.0;14;Berné;59.91;56014;15.18;84.81;0.01
56;Morbihan;6.0;21;Brandérion;62.5;56021;15.46;84.24;0.3
56;Morbihan;6.0;26;Bubry;53.1;56026;24.01;75.57;0.42
56;Morbihan;6.0;29;Calan;58.29;56029;18.89;81.1;0.01
56;Morbihan;6.0;36;Caudan;53.34;56036;18.22;81.15;0.63
56;Morbihan;6.0;40;Cléguer;54.22;56040;17.95;81.77;0.28
56;Morbihan;6.0;41;Cléguérec;57.89;56041;36.52;63.09;0.39
56;Morbihan;6.0;48;Le Croisty;56.32;56048;14.01;85.05;0.94
56;Morbihan;6.0;57;Le Faouët;54.28;56057;18.76;81.0;0.24
56;Morbihan;6.0;63;Gestel;52.95;56063;20.91;78.76;0.33
56;Morbihan;6.0;66;Gourin;52.53;56066;14.38;85.32;0.3
56;Morbihan;6.0;73;Guémené-sur-Scorff;53.19;56073;31.47;67.97;0.56
56;Morbihan;6.0;78;Guidel;57.5;56078;16.98;82.43;0.59
56;Morbihan;6.0;81;Guiscriff;47.89;56081;19.26;80.42;0.32
56;Morbihan;6.0;83;Hennebont;51.61;56083;30.47;69.04;0.49
56;Morbihan;6.0;89;Inguiniel;53.3;56089;19.57;79.74;0.69
56;Morbihan;6.0;90;Inzinzac-Lochrist;51.58;56090;36.12;63.28;0.6
56;Morbihan;6.0;93;Kergrist;55.47;56093;19.72;80.29;0.0
56;Morbihan;6.0;99;Langoëlan;63.33;56099;25.73;74.28;0.0
56;Morbihan;6.0;100;Langonnet;64.71;56100;11.37;88.51;0.12
56;Morbihan;6.0;101;Languidic;50.59;56101;21.99;77.75;0.26
56;Morbihan;6.0;104;Lanvaudan;55.26;56104;27.72;71.74;0.54
56;Morbihan;6.0;105;Lanvénégen;58.4;56105;24.85;74.76;0.39
56;Morbihan;6.0;110;Lignol;52.13;56110;19.34;80.37;0.29
56;Morbihan;6.0;113;Locmalo;56.87;56113;22.05;77.18;0.77
56;Morbihan;6.0;125;Malguénac;51.43;56125;23.51;76.22;0.27
56;Morbihan;6.0;131;Meslan;54.14;56131;17.65;82.0;0.35
56;Morbihan;6.0;146;Neulliac;55.1;56146;18.02;81.17;0.81
56;Morbihan;6.0;156;Persquen;49.62;56156;19.23;80.78;0.0
56;Morbihan;6.0;163;Ploërdut;51.0;56163;23.26;76.52;0.22
56;Morbihan;6.0;166;Plouay;65.04;56166;11.16;88.44;0.4
56;Morbihan;6.0;170;Plouray;54.74;56170;14.28;85.24;0.48
56;Morbihan;6.0;179;Pont-Scorff;52.23;56179;18.52;81.19;0.29
56;Morbihan;6.0;182;Priziac;54.87;56182;16.58;82.7;0.72
56;Morbihan;6.0;185;Quéven;51.77;56185;22.64;76.83;0.53
56;Morbihan;6.0;188;Quistinic;54.08;56188;28.02;71.64;0.34
56;Morbihan;6.0;199;Roudouallec;58.42;56199;15.64;82.82;1.54
56;Morbihan;6.0;201;Le Saint;58.0;56201;19.31;80.69;0.0
56;Morbihan;6.0;203;Saint-Aignan;63.62;56203;34.24;65.76;0.0
56;Morbihan;6.0;209;Sainte-Brigitte;65.31;56209;34.38;64.58;1.04
56;Morbihan;6.0;210;Saint-Caradec-Trégomel;57.26;56210;13.15;86.86;0.0
56;Morbihan;6.0;238;Saint-Tugdual;48.77;56238;11.51;88.49;0.0
56;Morbihan;6.0;242;Séglien;56.79;56242;27.61;72.39;0.0
56;Morbihan;6.0;245;Silfiac;54.81;56245;42.1;57.88;0.02
56;Morbihan;6.0;264;Kernascléden;50.51;56264;15.55;83.79;0.66
