CODGEO,LIBGEO,Code département,annee,type,taux_brut_de_natalit___pour_mille_
22001,Allineuc,22,2022,Taux brut de natalité (pour mille),8.2
22002,Andel,22,2022,Taux brut de natalité (pour mille),8.2
22003,Aucaleuc,22,2022,Taux brut de natalité (pour mille),8.2
22004,Bégard,22,2022,Taux brut de natalité (pour mille),8.2
22005,Belle-Isle-en-Terre,22,2022,Taux brut de natalité (pour mille),8.2
22006,Berhet,22,2022,Taux brut de natalité (pour mille),8.2
22008,Bobital,22,2022,Taux brut de natalité (pour mille),8.2
22009,Le Bodéo,22,2022,Taux brut de natalité (pour mille),8.2
22011,Boqueho,22,2022,Taux brut de natalité (pour mille),8.2
22012,La Bouillie,22,2022,Taux brut de natalité (pour mille),8.2
22013,Bourbriac,22,2022,Taux brut de natalité (pour mille),8.2
22014,Bourseul,22,2022,Taux brut de natalité (pour mille),8.2
22015,Bréhand,22,2022,Taux brut de natalité (pour mille),8.2
22016,Île-de-Bréhat,22,2022,Taux brut de natalité (pour mille),8.2
22018,Brélidy,22,2022,Taux brut de natalité (pour mille),8.2
22019,Bringolo,22,2022,Taux brut de natalité (pour mille),8.2
22020,Broons,22,2022,Taux brut de natalité (pour mille),8.2
22021,Brusvily,22,2022,Taux brut de natalité (pour mille),8.2
22023,Bulat-Pestivien,22,2022,Taux brut de natalité (pour mille),8.2
22024,Calanhel,22,2022,Taux brut de natalité (pour mille),8.2
22025,Callac,22,2022,Taux brut de natalité (pour mille),8.2
22026,Calorguen,22,2022,Taux brut de natalité (pour mille),8.2
22027,Le Cambout,22,2022,Taux brut de natalité (pour mille),8.2
22028,Camlez,22,2022,Taux brut de natalité (pour mille),8.2
22029,Canihuel,22,2022,Taux brut de natalité (pour mille),8.2
22030,Caouënnec-Lanvézéac,22,2022,Taux brut de natalité (pour mille),8.2
22031,Carnoët,22,2022,Taux brut de natalité (pour mille),8.2
22032,Caulnes,22,2022,Taux brut de natalité (pour mille),8.2
22033,Caurel,22,2022,Taux brut de natalité (pour mille),8.2
22034,Cavan,22,2022,Taux brut de natalité (pour mille),8.2
22035,Les Champs-Géraux,22,2022,Taux brut de natalité (pour mille),8.2
22036,La Chapelle-Blanche,22,2022,Taux brut de natalité (pour mille),8.2
22037,La Chapelle-Neuve,22,2022,Taux brut de natalité (pour mille),8.2
22039,La Chèze,22,2022,Taux brut de natalité (pour mille),8.2
22040,Coadout,22,2022,Taux brut de natalité (pour mille),8.2
22041,Coatascorn,22,2022,Taux brut de natalité (pour mille),8.2
22042,Coatréven,22,2022,Taux brut de natalité (pour mille),8.2
22043,Coëtlogon,22,2022,Taux brut de natalité (pour mille),8.2
22044,Coëtmieux,22,2022,Taux brut de natalité (pour mille),8.2
22045,Cohiniac,22,2022,Taux brut de natalité (pour mille),8.2
22046,Le Mené,22,2022,Taux brut de natalité (pour mille),8.2
22047,Corlay,22,2022,Taux brut de natalité (pour mille),8.2
22048,Corseul,22,2022,Taux brut de natalité (pour mille),8.2
22049,Créhen,22,2022,Taux brut de natalité (pour mille),8.2
22050,Dinan,22,2022,Taux brut de natalité (pour mille),8.2
22052,Duault,22,2022,Taux brut de natalité (pour mille),8.2
22053,Éréac,22,2022,Taux brut de natalité (pour mille),8.2
22054,Erquy,22,2022,Taux brut de natalité (pour mille),8.2
22055,Binic-Étables-sur-Mer,22,2022,Taux brut de natalité (pour mille),8.2
22056,Évran,22,2022,Taux brut de natalité (pour mille),8.2
22057,Le Faouët,22,2022,Taux brut de natalité (pour mille),8.2
22059,Le Fœil,22,2022,Taux brut de natalité (pour mille),8.2
22060,Gausson,22,2022,Taux brut de natalité (pour mille),8.2
22061,Glomel,22,2022,Taux brut de natalité (pour mille),8.2
22062,Gomené,22,2022,Taux brut de natalité (pour mille),8.2
22063,Gommenec'h,22,2022,Taux brut de natalité (pour mille),8.2
22064,Gouarec,22,2022,Taux brut de natalité (pour mille),8.2
22065,Goudelin,22,2022,Taux brut de natalité (pour mille),8.2
22067,Grâces,22,2022,Taux brut de natalité (pour mille),8.2
22068,Grâce-Uzel,22,2022,Taux brut de natalité (pour mille),8.2
22069,Guenroc,22,2022,Taux brut de natalité (pour mille),8.2
22070,Guingamp,22,2022,Taux brut de natalité (pour mille),8.2
22071,Guitté,22,2022,Taux brut de natalité (pour mille),8.2
22072,Gurunhuel,22,2022,Taux brut de natalité (pour mille),8.2
22073,La Harmoye,22,2022,Taux brut de natalité (pour mille),8.2
22074,Le Haut-Corlay,22,2022,Taux brut de natalité (pour mille),8.2
22075,Hémonstoir,22,2022,Taux brut de natalité (pour mille),8.2
22076,Hénanbihen,22,2022,Taux brut de natalité (pour mille),8.2
22077,Hénansal,22,2022,Taux brut de natalité (pour mille),8.2
22079,Hénon,22,2022,Taux brut de natalité (pour mille),8.2
22081,Hillion,22,2022,Taux brut de natalité (pour mille),8.2
22082,Le Hinglé,22,2022,Taux brut de natalité (pour mille),8.2
22083,Illifaut,22,2022,Taux brut de natalité (pour mille),8.2
22084,Jugon-les-Lacs,22,2022,Taux brut de natalité (pour mille),8.2
22085,Kerbors,22,2022,Taux brut de natalité (pour mille),8.2
22086,Kerfot,22,2022,Taux brut de natalité (pour mille),8.2
22087,Kergrist-Moëlou,22,2022,Taux brut de natalité (pour mille),8.2
22088,Kerien,22,2022,Taux brut de natalité (pour mille),8.2
22090,Kermaria-Sulard,22,2022,Taux brut de natalité (pour mille),8.2
22091,Kermoroc'h,22,2022,Taux brut de natalité (pour mille),8.2
22092,Kerpert,22,2022,Taux brut de natalité (pour mille),8.2
22093,Lamballe-Armor,22,2022,Taux brut de natalité (pour mille),8.2
22094,Lancieux,22,2022,Taux brut de natalité (pour mille),8.2
22095,Landebaëron,22,2022,Taux brut de natalité (pour mille),8.2
22096,Landébia,22,2022,Taux brut de natalité (pour mille),8.2
22097,La Landec,22,2022,Taux brut de natalité (pour mille),8.2
22098,Landéhen,22,2022,Taux brut de natalité (pour mille),8.2
22099,Lanfains,22,2022,Taux brut de natalité (pour mille),8.2
22101,Langoat,22,2022,Taux brut de natalité (pour mille),8.2
22103,Langrolay-sur-Rance,22,2022,Taux brut de natalité (pour mille),8.2
22104,Languédias,22,2022,Taux brut de natalité (pour mille),8.2
22105,Languenan,22,2022,Taux brut de natalité (pour mille),8.2
22106,Langueux,22,2022,Taux brut de natalité (pour mille),8.2
22107,Bon Repos sur Blavet,22,2022,Taux brut de natalité (pour mille),8.2
22108,Lanleff,22,2022,Taux brut de natalité (pour mille),8.2
22109,Lanloup,22,2022,Taux brut de natalité (pour mille),8.2
22110,Lanmérin,22,2022,Taux brut de natalité (pour mille),8.2
22111,Lanmodez,22,2022,Taux brut de natalité (pour mille),8.2
22112,Lannebert,22,2022,Taux brut de natalité (pour mille),8.2
22113,Lannion,22,2022,Taux brut de natalité (pour mille),8.2
22114,Lanrelas,22,2022,Taux brut de natalité (pour mille),8.2
22115,Lanrivain,22,2022,Taux brut de natalité (pour mille),8.2
22116,Lanrodec,22,2022,Taux brut de natalité (pour mille),8.2
22117,Lantic,22,2022,Taux brut de natalité (pour mille),8.2
22118,Lanvallay,22,2022,Taux brut de natalité (pour mille),8.2
22119,Lanvellec,22,2022,Taux brut de natalité (pour mille),8.2
22121,Lanvollon,22,2022,Taux brut de natalité (pour mille),8.2
22122,Laurenan,22,2022,Taux brut de natalité (pour mille),8.2
22124,Lescouët-Gouarec,22,2022,Taux brut de natalité (pour mille),8.2
22126,Le Leslay,22,2022,Taux brut de natalité (pour mille),8.2
22127,Lézardrieux,22,2022,Taux brut de natalité (pour mille),8.2
22128,Locarn,22,2022,Taux brut de natalité (pour mille),8.2
22129,Loc-Envel,22,2022,Taux brut de natalité (pour mille),8.2
22131,Loguivy-Plougras,22,2022,Taux brut de natalité (pour mille),8.2
22132,Lohuec,22,2022,Taux brut de natalité (pour mille),8.2
22133,Loscouët-sur-Meu,22,2022,Taux brut de natalité (pour mille),8.2
22134,Louannec,22,2022,Taux brut de natalité (pour mille),8.2
22135,Louargat,22,2022,Taux brut de natalité (pour mille),8.2
22136,Loudéac,22,2022,Taux brut de natalité (pour mille),8.2
22137,Maël-Carhaix,22,2022,Taux brut de natalité (pour mille),8.2
22138,Maël-Pestivien,22,2022,Taux brut de natalité (pour mille),8.2
22139,Magoar,22,2022,Taux brut de natalité (pour mille),8.2
22140,La Malhoure,22,2022,Taux brut de natalité (pour mille),8.2
22141,Mantallot,22,2022,Taux brut de natalité (pour mille),8.2
22143,Matignon,22,2022,Taux brut de natalité (pour mille),8.2
22144,La Méaugon,22,2022,Taux brut de natalité (pour mille),8.2
22145,Mégrit,22,2022,Taux brut de natalité (pour mille),8.2
22146,Mellionnec,22,2022,Taux brut de natalité (pour mille),8.2
22147,Merdrignac,22,2022,Taux brut de natalité (pour mille),8.2
22148,Mérillac,22,2022,Taux brut de natalité (pour mille),8.2
22149,Merléac,22,2022,Taux brut de natalité (pour mille),8.2
22150,Le Merzer,22,2022,Taux brut de natalité (pour mille),8.2
22152,Minihy-Tréguier,22,2022,Taux brut de natalité (pour mille),8.2
22153,Moncontour,22,2022,Taux brut de natalité (pour mille),8.2
22155,La Motte,22,2022,Taux brut de natalité (pour mille),8.2
22156,Moustéru,22,2022,Taux brut de natalité (pour mille),8.2
22157,Le Moustoir,22,2022,Taux brut de natalité (pour mille),8.2
22158,Guerlédan,22,2022,Taux brut de natalité (pour mille),8.2
22160,Noyal,22,2022,Taux brut de natalité (pour mille),8.2
22161,Pabu,22,2022,Taux brut de natalité (pour mille),8.2
22162,Paimpol,22,2022,Taux brut de natalité (pour mille),8.2
22163,Paule,22,2022,Taux brut de natalité (pour mille),8.2
22164,Pédernec,22,2022,Taux brut de natalité (pour mille),8.2
22165,Penguily,22,2022,Taux brut de natalité (pour mille),8.2
22166,Penvénan,22,2022,Taux brut de natalité (pour mille),8.2
22168,Perros-Guirec,22,2022,Taux brut de natalité (pour mille),8.2
22169,Peumerit-Quintin,22,2022,Taux brut de natalité (pour mille),8.2
22170,Plaine-Haute,22,2022,Taux brut de natalité (pour mille),8.2
22171,Plaintel,22,2022,Taux brut de natalité (pour mille),8.2
22172,Plancoët,22,2022,Taux brut de natalité (pour mille),8.2
22174,Pléboulle,22,2022,Taux brut de natalité (pour mille),8.2
22175,Plédéliac,22,2022,Taux brut de natalité (pour mille),8.2
22176,Plédran,22,2022,Taux brut de natalité (pour mille),8.2
22177,Pléguien,22,2022,Taux brut de natalité (pour mille),8.2
22178,Pléhédel,22,2022,Taux brut de natalité (pour mille),8.2
22179,Fréhel,22,2022,Taux brut de natalité (pour mille),8.2
22180,Plélan-le-Petit,22,2022,Taux brut de natalité (pour mille),8.2
22181,Plélauff,22,2022,Taux brut de natalité (pour mille),8.2
22182,Plélo,22,2022,Taux brut de natalité (pour mille),8.2
22183,Plémet,22,2022,Taux brut de natalité (pour mille),8.2
22184,Plémy,22,2022,Taux brut de natalité (pour mille),8.2
22185,Plénée-Jugon,22,2022,Taux brut de natalité (pour mille),8.2
22186,Pléneuf-Val-André,22,2022,Taux brut de natalité (pour mille),8.2
22187,Plérin,22,2022,Taux brut de natalité (pour mille),8.2
22188,Plerneuf,22,2022,Taux brut de natalité (pour mille),8.2
22189,Plésidy,22,2022,Taux brut de natalité (pour mille),8.2
22190,Pleslin-Trigavou,22,2022,Taux brut de natalité (pour mille),8.2
22193,Plestan,22,2022,Taux brut de natalité (pour mille),8.2
22194,Plestin-les-Grèves,22,2022,Taux brut de natalité (pour mille),8.2
22195,Pleubian,22,2022,Taux brut de natalité (pour mille),8.2
22196,Pleudaniel,22,2022,Taux brut de natalité (pour mille),8.2
22197,Pleudihen-sur-Rance,22,2022,Taux brut de natalité (pour mille),8.2
22198,Pleumeur-Bodou,22,2022,Taux brut de natalité (pour mille),8.2
22199,Pleumeur-Gautier,22,2022,Taux brut de natalité (pour mille),8.2
22200,Pléven,22,2022,Taux brut de natalité (pour mille),8.2
22201,Plévenon,22,2022,Taux brut de natalité (pour mille),8.2
22202,Plévin,22,2022,Taux brut de natalité (pour mille),8.2
22203,Plœuc-L'Hermitage,22,2022,Taux brut de natalité (pour mille),8.2
22204,Ploëzal,22,2022,Taux brut de natalité (pour mille),8.2
22205,Plorec-sur-Arguenon,22,2022,Taux brut de natalité (pour mille),8.2
22206,Châtelaudren-Plouagat,22,2022,Taux brut de natalité (pour mille),8.2
22207,Plouaret,22,2022,Taux brut de natalité (pour mille),8.2
22208,Plouasne,22,2022,Taux brut de natalité (pour mille),8.2
22209,Beaussais-sur-Mer,22,2022,Taux brut de natalité (pour mille),8.2
22210,Ploubazlanec,22,2022,Taux brut de natalité (pour mille),8.2
22211,Ploubezre,22,2022,Taux brut de natalité (pour mille),8.2
22212,Plouëc-du-Trieux,22,2022,Taux brut de natalité (pour mille),8.2
22213,Plouër-sur-Rance,22,2022,Taux brut de natalité (pour mille),8.2
22214,Plouézec,22,2022,Taux brut de natalité (pour mille),8.2
22215,Ploufragan,22,2022,Taux brut de natalité (pour mille),8.2
22216,Plougonver,22,2022,Taux brut de natalité (pour mille),8.2
22217,Plougras,22,2022,Taux brut de natalité (pour mille),8.2
22218,Plougrescant,22,2022,Taux brut de natalité (pour mille),8.2
22219,Plouguenast-Langast,22,2022,Taux brut de natalité (pour mille),8.2
22220,Plouguernével,22,2022,Taux brut de natalité (pour mille),8.2
22221,Plouguiel,22,2022,Taux brut de natalité (pour mille),8.2
22222,Plouha,22,2022,Taux brut de natalité (pour mille),8.2
22223,Plouisy,22,2022,Taux brut de natalité (pour mille),8.2
22224,Ploulec'h,22,2022,Taux brut de natalité (pour mille),8.2
22225,Ploumagoar,22,2022,Taux brut de natalité (pour mille),8.2
22226,Ploumilliau,22,2022,Taux brut de natalité (pour mille),8.2
22227,Plounérin,22,2022,Taux brut de natalité (pour mille),8.2
22228,Plounévez-Moëdec,22,2022,Taux brut de natalité (pour mille),8.2
22229,Plounévez-Quintin,22,2022,Taux brut de natalité (pour mille),8.2
22231,Plourac'h,22,2022,Taux brut de natalité (pour mille),8.2
22232,Plourhan,22,2022,Taux brut de natalité (pour mille),8.2
22233,Plourivo,22,2022,Taux brut de natalité (pour mille),8.2
22234,Plouvara,22,2022,Taux brut de natalité (pour mille),8.2
22235,Plouzélambre,22,2022,Taux brut de natalité (pour mille),8.2
22236,Pludual,22,2022,Taux brut de natalité (pour mille),8.2
22237,Pluduno,22,2022,Taux brut de natalité (pour mille),8.2
22238,Plufur,22,2022,Taux brut de natalité (pour mille),8.2
22239,Plumaudan,22,2022,Taux brut de natalité (pour mille),8.2
22240,Plumaugat,22,2022,Taux brut de natalité (pour mille),8.2
22241,Plumieux,22,2022,Taux brut de natalité (pour mille),8.2
22242,Plurien,22,2022,Taux brut de natalité (pour mille),8.2
22243,Plusquellec,22,2022,Taux brut de natalité (pour mille),8.2
22244,Plussulien,22,2022,Taux brut de natalité (pour mille),8.2
22245,Pluzunet,22,2022,Taux brut de natalité (pour mille),8.2
22246,Pommeret,22,2022,Taux brut de natalité (pour mille),8.2
22248,Pommerit-le-Vicomte,22,2022,Taux brut de natalité (pour mille),8.2
22249,Pont-Melvez,22,2022,Taux brut de natalité (pour mille),8.2
22250,Pontrieux,22,2022,Taux brut de natalité (pour mille),8.2
22251,Pordic,22,2022,Taux brut de natalité (pour mille),8.2
22254,Prat,22,2022,Taux brut de natalité (pour mille),8.2
22255,La Prénessaye,22,2022,Taux brut de natalité (pour mille),8.2
22256,Quemper-Guézennec,22,2022,Taux brut de natalité (pour mille),8.2
22257,Quemperven,22,2022,Taux brut de natalité (pour mille),8.2
22258,Quessoy,22,2022,Taux brut de natalité (pour mille),8.2
22259,Quévert,22,2022,Taux brut de natalité (pour mille),8.2
22260,Le Quillio,22,2022,Taux brut de natalité (pour mille),8.2
22261,Quintenic,22,2022,Taux brut de natalité (pour mille),8.2
22262,Quintin,22,2022,Taux brut de natalité (pour mille),8.2
22263,Le Quiou,22,2022,Taux brut de natalité (pour mille),8.2
22264,La Roche-Jaudy,22,2022,Taux brut de natalité (pour mille),8.2
22265,Rospez,22,2022,Taux brut de natalité (pour mille),8.2
22266,Rostrenen,22,2022,Taux brut de natalité (pour mille),8.2
22267,Rouillac,22,2022,Taux brut de natalité (pour mille),8.2
22268,Ruca,22,2022,Taux brut de natalité (pour mille),8.2
22269,Runan,22,2022,Taux brut de natalité (pour mille),8.2
22271,Saint-Adrien,22,2022,Taux brut de natalité (pour mille),8.2
22272,Saint-Agathon,22,2022,Taux brut de natalité (pour mille),8.2
22273,Saint-Alban,22,2022,Taux brut de natalité (pour mille),8.2
22274,Saint-André-des-Eaux,22,2022,Taux brut de natalité (pour mille),8.2
22275,Saint-Barnabé,22,2022,Taux brut de natalité (pour mille),8.2
22276,Saint-Bihy,22,2022,Taux brut de natalité (pour mille),8.2
22277,Saint-Brandan,22,2022,Taux brut de natalité (pour mille),8.2
22278,Saint-Brieuc,22,2022,Taux brut de natalité (pour mille),8.2
22279,Saint-Caradec,22,2022,Taux brut de natalité (pour mille),8.2
22280,Saint-Carné,22,2022,Taux brut de natalité (pour mille),8.2
22281,Saint-Carreuc,22,2022,Taux brut de natalité (pour mille),8.2
22282,Saint-Cast-le-Guildo,22,2022,Taux brut de natalité (pour mille),8.2
22283,Saint-Clet,22,2022,Taux brut de natalité (pour mille),8.2
22284,Saint-Connan,22,2022,Taux brut de natalité (pour mille),8.2
22285,Saint-Connec,22,2022,Taux brut de natalité (pour mille),8.2
22286,Saint-Denoual,22,2022,Taux brut de natalité (pour mille),8.2
22287,Saint-Donan,22,2022,Taux brut de natalité (pour mille),8.2
22288,Saint-Étienne-du-Gué-de-l'Isle,22,2022,Taux brut de natalité (pour mille),8.2
22289,Saint-Fiacre,22,2022,Taux brut de natalité (pour mille),8.2
22291,Saint-Gildas,22,2022,Taux brut de natalité (pour mille),8.2
22293,Saint-Gilles-les-Bois,22,2022,Taux brut de natalité (pour mille),8.2
22294,Saint-Gilles-Pligeaux,22,2022,Taux brut de natalité (pour mille),8.2
22295,Saint-Gilles-Vieux-Marché,22,2022,Taux brut de natalité (pour mille),8.2
22296,Saint-Glen,22,2022,Taux brut de natalité (pour mille),8.2
22299,Saint-Hélen,22,2022,Taux brut de natalité (pour mille),8.2
22300,Saint-Hervé,22,2022,Taux brut de natalité (pour mille),8.2
22302,Saint-Jacut-de-la-Mer,22,2022,Taux brut de natalité (pour mille),8.2
22304,Saint-Jean-Kerdaniel,22,2022,Taux brut de natalité (pour mille),8.2
22305,Saint-Jouan-de-l'Isle,22,2022,Taux brut de natalité (pour mille),8.2
22306,Saint-Judoce,22,2022,Taux brut de natalité (pour mille),8.2
22307,Saint-Julien,22,2022,Taux brut de natalité (pour mille),8.2
22308,Saint-Juvat,22,2022,Taux brut de natalité (pour mille),8.2
22309,Saint-Launeuc,22,2022,Taux brut de natalité (pour mille),8.2
22310,Saint-Laurent,22,2022,Taux brut de natalité (pour mille),8.2
22311,Saint-Lormel,22,2022,Taux brut de natalité (pour mille),8.2
22312,Saint-Maden,22,2022,Taux brut de natalité (pour mille),8.2
22313,Saint-Martin-des-Prés,22,2022,Taux brut de natalité (pour mille),8.2
22314,Saint-Maudan,22,2022,Taux brut de natalité (pour mille),8.2
22315,Saint-Maudez,22,2022,Taux brut de natalité (pour mille),8.2
22316,Saint-Mayeux,22,2022,Taux brut de natalité (pour mille),8.2
22317,Saint-Méloir-des-Bois,22,2022,Taux brut de natalité (pour mille),8.2
22318,Saint-Michel-de-Plélan,22,2022,Taux brut de natalité (pour mille),8.2
22319,Saint-Michel-en-Grève,22,2022,Taux brut de natalité (pour mille),8.2
22320,Saint-Nicodème,22,2022,Taux brut de natalité (pour mille),8.2
22321,Saint-Nicolas-du-Pélem,22,2022,Taux brut de natalité (pour mille),8.2
22322,Saint-Péver,22,2022,Taux brut de natalité (pour mille),8.2
22323,Saint-Pôtan,22,2022,Taux brut de natalité (pour mille),8.2
22324,Saint-Quay-Perros,22,2022,Taux brut de natalité (pour mille),8.2
22325,Saint-Quay-Portrieux,22,2022,Taux brut de natalité (pour mille),8.2
22326,Saint-Rieul,22,2022,Taux brut de natalité (pour mille),8.2
22327,Saint-Samson-sur-Rance,22,2022,Taux brut de natalité (pour mille),8.2
22328,Saint-Servais,22,2022,Taux brut de natalité (pour mille),8.2
22330,Saint-Thélo,22,2022,Taux brut de natalité (pour mille),8.2
22331,Sainte-Tréphine,22,2022,Taux brut de natalité (pour mille),8.2
22332,Saint-Trimoël,22,2022,Taux brut de natalité (pour mille),8.2
22333,Saint-Vran,22,2022,Taux brut de natalité (pour mille),8.2
22334,Saint-Igeaux,22,2022,Taux brut de natalité (pour mille),8.2
22335,Senven-Léhart,22,2022,Taux brut de natalité (pour mille),8.2
22337,Sévignac,22,2022,Taux brut de natalité (pour mille),8.2
22338,Squiffiec,22,2022,Taux brut de natalité (pour mille),8.2
22339,Taden,22,2022,Taux brut de natalité (pour mille),8.2
22340,Tonquédec,22,2022,Taux brut de natalité (pour mille),8.2
22341,Tramain,22,2022,Taux brut de natalité (pour mille),8.2
22342,Trébédan,22,2022,Taux brut de natalité (pour mille),8.2
22343,Trébeurden,22,2022,Taux brut de natalité (pour mille),8.2
22344,Trébrivan,22,2022,Taux brut de natalité (pour mille),8.2
22345,Trébry,22,2022,Taux brut de natalité (pour mille),8.2
22346,Trédaniel,22,2022,Taux brut de natalité (pour mille),8.2
22347,Trédarzec,22,2022,Taux brut de natalité (pour mille),8.2
22348,Trédias,22,2022,Taux brut de natalité (pour mille),8.2
22349,Trédrez-Locquémeau,22,2022,Taux brut de natalité (pour mille),8.2
22350,Tréduder,22,2022,Taux brut de natalité (pour mille),8.2
22351,Treffrin,22,2022,Taux brut de natalité (pour mille),8.2
22352,Tréfumel,22,2022,Taux brut de natalité (pour mille),8.2
22353,Trégastel,22,2022,Taux brut de natalité (pour mille),8.2
22354,Tréglamus,22,2022,Taux brut de natalité (pour mille),8.2
22356,Trégomeur,22,2022,Taux brut de natalité (pour mille),8.2
22358,Trégonneau,22,2022,Taux brut de natalité (pour mille),8.2
22359,Trégrom,22,2022,Taux brut de natalité (pour mille),8.2
22360,Trégueux,22,2022,Taux brut de natalité (pour mille),8.2
22361,Tréguidel,22,2022,Taux brut de natalité (pour mille),8.2
22362,Tréguier,22,2022,Taux brut de natalité (pour mille),8.2
22363,Trélévern,22,2022,Taux brut de natalité (pour mille),8.2
22364,Trélivan,22,2022,Taux brut de natalité (pour mille),8.2
22365,Trémargat,22,2022,Taux brut de natalité (pour mille),8.2
22366,Trémel,22,2022,Taux brut de natalité (pour mille),8.2
22368,Tréméreuc,22,2022,Taux brut de natalité (pour mille),8.2
22369,Trémeur,22,2022,Taux brut de natalité (pour mille),8.2
22370,Tréméven,22,2022,Taux brut de natalité (pour mille),8.2
22371,Trémorel,22,2022,Taux brut de natalité (pour mille),8.2
22372,Trémuson,22,2022,Taux brut de natalité (pour mille),8.2
22373,Tréogan,22,2022,Taux brut de natalité (pour mille),8.2
22375,Tressignaux,22,2022,Taux brut de natalité (pour mille),8.2
22376,Trévé,22,2022,Taux brut de natalité (pour mille),8.2
22377,Tréveneuc,22,2022,Taux brut de natalité (pour mille),8.2
22378,Trévérec,22,2022,Taux brut de natalité (pour mille),8.2
22379,Trévou-Tréguignec,22,2022,Taux brut de natalité (pour mille),8.2
22380,Trévron,22,2022,Taux brut de natalité (pour mille),8.2
22381,Trézény,22,2022,Taux brut de natalité (pour mille),8.2
22383,Troguéry,22,2022,Taux brut de natalité (pour mille),8.2
22384,Uzel,22,2022,Taux brut de natalité (pour mille),8.2
22385,La Vicomté-sur-Rance,22,2022,Taux brut de natalité (pour mille),8.2
22386,Le Vieux-Bourg,22,2022,Taux brut de natalité (pour mille),8.2
22387,Le Vieux-Marché,22,2022,Taux brut de natalité (pour mille),8.2
22388,Vildé-Guingalan,22,2022,Taux brut de natalité (pour mille),8.2
22389,Yffiniac,22,2022,Taux brut de natalité (pour mille),8.2
22390,Yvias,22,2022,Taux brut de natalité (pour mille),8.2
22391,Yvignac-la-Tour,22,2022,Taux brut de natalité (pour mille),8.2
29001,Argol,29,2022,Taux brut de natalité (pour mille),8.6
29002,Arzano,29,2022,Taux brut de natalité (pour mille),8.6
29003,Audierne,29,2022,Taux brut de natalité (pour mille),8.6
29004,Bannalec,29,2022,Taux brut de natalité (pour mille),8.6
29005,Baye,29,2022,Taux brut de natalité (pour mille),8.6
29006,Bénodet,29,2022,Taux brut de natalité (pour mille),8.6
29007,Berrien,29,2022,Taux brut de natalité (pour mille),8.6
29008,Beuzec-Cap-Sizun,29,2022,Taux brut de natalité (pour mille),8.6
29010,Bodilis,29,2022,Taux brut de natalité (pour mille),8.6
29011,Bohars,29,2022,Taux brut de natalité (pour mille),8.6
29012,Bolazec,29,2022,Taux brut de natalité (pour mille),8.6
29013,Botmeur,29,2022,Taux brut de natalité (pour mille),8.6
29014,Botsorhel,29,2022,Taux brut de natalité (pour mille),8.6
29015,Bourg-Blanc,29,2022,Taux brut de natalité (pour mille),8.6
29016,Brasparts,29,2022,Taux brut de natalité (pour mille),8.6
29017,Brélès,29,2022,Taux brut de natalité (pour mille),8.6
29018,Brennilis,29,2022,Taux brut de natalité (pour mille),8.6
29019,Brest,29,2022,Taux brut de natalité (pour mille),8.6
29020,Briec,29,2022,Taux brut de natalité (pour mille),8.6
29021,Plounéour-Brignogan-plages,29,2022,Taux brut de natalité (pour mille),8.6
29022,Camaret-sur-Mer,29,2022,Taux brut de natalité (pour mille),8.6
29023,Carantec,29,2022,Taux brut de natalité (pour mille),8.6
29024,Carhaix-Plouguer,29,2022,Taux brut de natalité (pour mille),8.6
29025,Cast,29,2022,Taux brut de natalité (pour mille),8.6
29026,Châteaulin,29,2022,Taux brut de natalité (pour mille),8.6
29027,Châteauneuf-du-Faou,29,2022,Taux brut de natalité (pour mille),8.6
29028,Cléden-Cap-Sizun,29,2022,Taux brut de natalité (pour mille),8.6
29029,Cléden-Poher,29,2022,Taux brut de natalité (pour mille),8.6
29030,Cléder,29,2022,Taux brut de natalité (pour mille),8.6
29031,Clohars-Carnoët,29,2022,Taux brut de natalité (pour mille),8.6
29032,Clohars-Fouesnant,29,2022,Taux brut de natalité (pour mille),8.6
29033,Le Cloître-Pleyben,29,2022,Taux brut de natalité (pour mille),8.6
29034,Le Cloître-Saint-Thégonnec,29,2022,Taux brut de natalité (pour mille),8.6
29035,Coat-Méal,29,2022,Taux brut de natalité (pour mille),8.6
29036,Collorec,29,2022,Taux brut de natalité (pour mille),8.6
29037,Combrit,29,2022,Taux brut de natalité (pour mille),8.6
29038,Commana,29,2022,Taux brut de natalité (pour mille),8.6
29039,Concarneau,29,2022,Taux brut de natalité (pour mille),8.6
29040,Le Conquet,29,2022,Taux brut de natalité (pour mille),8.6
29041,Coray,29,2022,Taux brut de natalité (pour mille),8.6
29042,Crozon,29,2022,Taux brut de natalité (pour mille),8.6
29043,Daoulas,29,2022,Taux brut de natalité (pour mille),8.6
29044,Dinéault,29,2022,Taux brut de natalité (pour mille),8.6
29045,Dirinon,29,2022,Taux brut de natalité (pour mille),8.6
29046,Douarnenez,29,2022,Taux brut de natalité (pour mille),8.6
29047,Le Drennec,29,2022,Taux brut de natalité (pour mille),8.6
29048,Edern,29,2022,Taux brut de natalité (pour mille),8.6
29049,Elliant,29,2022,Taux brut de natalité (pour mille),8.6
29051,Ergué-Gabéric,29,2022,Taux brut de natalité (pour mille),8.6
29053,Le Faou,29,2022,Taux brut de natalité (pour mille),8.6
29054,La Feuillée,29,2022,Taux brut de natalité (pour mille),8.6
29055,Le Folgoët,29,2022,Taux brut de natalité (pour mille),8.6
29056,La Forest-Landerneau,29,2022,Taux brut de natalité (pour mille),8.6
29057,La Forêt-Fouesnant,29,2022,Taux brut de natalité (pour mille),8.6
29058,Fouesnant,29,2022,Taux brut de natalité (pour mille),8.6
29059,Garlan,29,2022,Taux brut de natalité (pour mille),8.6
29060,Gouesnach,29,2022,Taux brut de natalité (pour mille),8.6
29061,Gouesnou,29,2022,Taux brut de natalité (pour mille),8.6
29062,Gouézec,29,2022,Taux brut de natalité (pour mille),8.6
29063,Goulien,29,2022,Taux brut de natalité (pour mille),8.6
29064,Goulven,29,2022,Taux brut de natalité (pour mille),8.6
29065,Gourlizon,29,2022,Taux brut de natalité (pour mille),8.6
29066,Guengat,29,2022,Taux brut de natalité (pour mille),8.6
29067,Guerlesquin,29,2022,Taux brut de natalité (pour mille),8.6
29068,Guiclan,29,2022,Taux brut de natalité (pour mille),8.6
29069,Guilers,29,2022,Taux brut de natalité (pour mille),8.6
29070,Guiler-sur-Goyen,29,2022,Taux brut de natalité (pour mille),8.6
29071,Guilligomarc'h,29,2022,Taux brut de natalité (pour mille),8.6
29072,Guilvinec,29,2022,Taux brut de natalité (pour mille),8.6
29073,Guimaëc,29,2022,Taux brut de natalité (pour mille),8.6
29074,Guimiliau,29,2022,Taux brut de natalité (pour mille),8.6
29075,Guipavas,29,2022,Taux brut de natalité (pour mille),8.6
29076,Milizac-Guipronvel,29,2022,Taux brut de natalité (pour mille),8.6
29077,Guissény,29,2022,Taux brut de natalité (pour mille),8.6
29078,Hanvec,29,2022,Taux brut de natalité (pour mille),8.6
29079,Henvic,29,2022,Taux brut de natalité (pour mille),8.6
29080,Hôpital-Camfrout,29,2022,Taux brut de natalité (pour mille),8.6
29081,Huelgoat,29,2022,Taux brut de natalité (pour mille),8.6
29082,Île-de-Batz,29,2022,Taux brut de natalité (pour mille),8.6
29083,Île-de-Sein,29,2022,Taux brut de natalité (pour mille),8.6
29084,Île-Molène,29,2022,Taux brut de natalité (pour mille),8.6
29085,Île-Tudy,29,2022,Taux brut de natalité (pour mille),8.6
29086,Irvillac,29,2022,Taux brut de natalité (pour mille),8.6
29087,Le Juch,29,2022,Taux brut de natalité (pour mille),8.6
29089,Kergloff,29,2022,Taux brut de natalité (pour mille),8.6
29090,Kerlaz,29,2022,Taux brut de natalité (pour mille),8.6
29091,Kerlouan,29,2022,Taux brut de natalité (pour mille),8.6
29093,Kernilis,29,2022,Taux brut de natalité (pour mille),8.6
29094,Kernouës,29,2022,Taux brut de natalité (pour mille),8.6
29095,Kersaint-Plabennec,29,2022,Taux brut de natalité (pour mille),8.6
29097,Lampaul-Guimiliau,29,2022,Taux brut de natalité (pour mille),8.6
29098,Lampaul-Plouarzel,29,2022,Taux brut de natalité (pour mille),8.6
29099,Lampaul-Ploudalmézeau,29,2022,Taux brut de natalité (pour mille),8.6
29100,Lanarvily,29,2022,Taux brut de natalité (pour mille),8.6
29101,Landéda,29,2022,Taux brut de natalité (pour mille),8.6
29102,Landeleau,29,2022,Taux brut de natalité (pour mille),8.6
29103,Landerneau,29,2022,Taux brut de natalité (pour mille),8.6
29104,Landévennec,29,2022,Taux brut de natalité (pour mille),8.6
29105,Landivisiau,29,2022,Taux brut de natalité (pour mille),8.6
29106,Landrévarzec,29,2022,Taux brut de natalité (pour mille),8.6
29107,Landudal,29,2022,Taux brut de natalité (pour mille),8.6
29108,Landudec,29,2022,Taux brut de natalité (pour mille),8.6
29109,Landunvez,29,2022,Taux brut de natalité (pour mille),8.6
29110,Langolen,29,2022,Taux brut de natalité (pour mille),8.6
29111,Lanhouarneau,29,2022,Taux brut de natalité (pour mille),8.6
29112,Lanildut,29,2022,Taux brut de natalité (pour mille),8.6
29113,Lanmeur,29,2022,Taux brut de natalité (pour mille),8.6
29114,Lannéanou,29,2022,Taux brut de natalité (pour mille),8.6
29115,Lannédern,29,2022,Taux brut de natalité (pour mille),8.6
29116,Lanneuffret,29,2022,Taux brut de natalité (pour mille),8.6
29117,Lannilis,29,2022,Taux brut de natalité (pour mille),8.6
29119,Lanrivoaré,29,2022,Taux brut de natalité (pour mille),8.6
29120,Lanvéoc,29,2022,Taux brut de natalité (pour mille),8.6
29122,Laz,29,2022,Taux brut de natalité (pour mille),8.6
29123,Lennon,29,2022,Taux brut de natalité (pour mille),8.6
29124,Lesneven,29,2022,Taux brut de natalité (pour mille),8.6
29125,Leuhan,29,2022,Taux brut de natalité (pour mille),8.6
29126,Loc-Brévalaire,29,2022,Taux brut de natalité (pour mille),8.6
29128,Loc-Eguiner,29,2022,Taux brut de natalité (pour mille),8.6
29130,Locmaria-Plouzané,29,2022,Taux brut de natalité (pour mille),8.6
29131,Locmélar,29,2022,Taux brut de natalité (pour mille),8.6
29132,Locquénolé,29,2022,Taux brut de natalité (pour mille),8.6
29133,Locquirec,29,2022,Taux brut de natalité (pour mille),8.6
29134,Locronan,29,2022,Taux brut de natalité (pour mille),8.6
29135,Loctudy,29,2022,Taux brut de natalité (pour mille),8.6
29136,Locunolé,29,2022,Taux brut de natalité (pour mille),8.6
29137,Logonna-Daoulas,29,2022,Taux brut de natalité (pour mille),8.6
29139,Lopérec,29,2022,Taux brut de natalité (pour mille),8.6
29140,Loperhet,29,2022,Taux brut de natalité (pour mille),8.6
29141,Loqueffret,29,2022,Taux brut de natalité (pour mille),8.6
29142,Lothey,29,2022,Taux brut de natalité (pour mille),8.6
29143,Mahalon,29,2022,Taux brut de natalité (pour mille),8.6
29144,La Martyre,29,2022,Taux brut de natalité (pour mille),8.6
29145,Confort-Meilars,29,2022,Taux brut de natalité (pour mille),8.6
29146,Melgven,29,2022,Taux brut de natalité (pour mille),8.6
29147,Mellac,29,2022,Taux brut de natalité (pour mille),8.6
29148,Mespaul,29,2022,Taux brut de natalité (pour mille),8.6
29150,Moëlan-sur-Mer,29,2022,Taux brut de natalité (pour mille),8.6
29151,Morlaix,29,2022,Taux brut de natalité (pour mille),8.6
29152,Motreff,29,2022,Taux brut de natalité (pour mille),8.6
29153,Névez,29,2022,Taux brut de natalité (pour mille),8.6
29155,Ouessant,29,2022,Taux brut de natalité (pour mille),8.6
29156,Pencran,29,2022,Taux brut de natalité (pour mille),8.6
29158,Penmarch,29,2022,Taux brut de natalité (pour mille),8.6
29159,Peumerit,29,2022,Taux brut de natalité (pour mille),8.6
29160,Plabennec,29,2022,Taux brut de natalité (pour mille),8.6
29161,Pleuven,29,2022,Taux brut de natalité (pour mille),8.6
29162,Pleyben,29,2022,Taux brut de natalité (pour mille),8.6
29163,Pleyber-Christ,29,2022,Taux brut de natalité (pour mille),8.6
29165,Plobannalec-Lesconil,29,2022,Taux brut de natalité (pour mille),8.6
29166,Ploéven,29,2022,Taux brut de natalité (pour mille),8.6
29167,Plogastel-Saint-Germain,29,2022,Taux brut de natalité (pour mille),8.6
29168,Plogoff,29,2022,Taux brut de natalité (pour mille),8.6
29169,Plogonnec,29,2022,Taux brut de natalité (pour mille),8.6
29170,Plomelin,29,2022,Taux brut de natalité (pour mille),8.6
29171,Plomeur,29,2022,Taux brut de natalité (pour mille),8.6
29172,Plomodiern,29,2022,Taux brut de natalité (pour mille),8.6
29173,Plonéis,29,2022,Taux brut de natalité (pour mille),8.6
29174,Plonéour-Lanvern,29,2022,Taux brut de natalité (pour mille),8.6
29175,Plonévez-du-Faou,29,2022,Taux brut de natalité (pour mille),8.6
29176,Plonévez-Porzay,29,2022,Taux brut de natalité (pour mille),8.6
29177,Plouarzel,29,2022,Taux brut de natalité (pour mille),8.6
29178,Ploudalmézeau,29,2022,Taux brut de natalité (pour mille),8.6
29179,Ploudaniel,29,2022,Taux brut de natalité (pour mille),8.6
29180,Ploudiry,29,2022,Taux brut de natalité (pour mille),8.6
29181,Plouédern,29,2022,Taux brut de natalité (pour mille),8.6
29182,Plouégat-Guérand,29,2022,Taux brut de natalité (pour mille),8.6
29183,Plouégat-Moysan,29,2022,Taux brut de natalité (pour mille),8.6
29184,Plouénan,29,2022,Taux brut de natalité (pour mille),8.6
29185,Plouescat,29,2022,Taux brut de natalité (pour mille),8.6
29186,Plouezoc'h,29,2022,Taux brut de natalité (pour mille),8.6
29187,Plougar,29,2022,Taux brut de natalité (pour mille),8.6
29188,Plougasnou,29,2022,Taux brut de natalité (pour mille),8.6
29189,Plougastel-Daoulas,29,2022,Taux brut de natalité (pour mille),8.6
29190,Plougonvelin,29,2022,Taux brut de natalité (pour mille),8.6
29191,Plougonven,29,2022,Taux brut de natalité (pour mille),8.6
29192,Plougoulm,29,2022,Taux brut de natalité (pour mille),8.6
29193,Plougourvest,29,2022,Taux brut de natalité (pour mille),8.6
29195,Plouguerneau,29,2022,Taux brut de natalité (pour mille),8.6
29196,Plouguin,29,2022,Taux brut de natalité (pour mille),8.6
29197,Plouhinec,29,2022,Taux brut de natalité (pour mille),8.6
29198,Plouider,29,2022,Taux brut de natalité (pour mille),8.6
29199,Plouigneau,29,2022,Taux brut de natalité (pour mille),8.6
29201,Ploumoguer,29,2022,Taux brut de natalité (pour mille),8.6
29202,Plounéour-Ménez,29,2022,Taux brut de natalité (pour mille),8.6
29204,Plounéventer,29,2022,Taux brut de natalité (pour mille),8.6
29205,Plounévézel,29,2022,Taux brut de natalité (pour mille),8.6
29206,Plounévez-Lochrist,29,2022,Taux brut de natalité (pour mille),8.6
29207,Plourin-lès-Morlaix,29,2022,Taux brut de natalité (pour mille),8.6
29208,Plourin,29,2022,Taux brut de natalité (pour mille),8.6
29209,Plouvien,29,2022,Taux brut de natalité (pour mille),8.6
29210,Plouvorn,29,2022,Taux brut de natalité (pour mille),8.6
29211,Plouyé,29,2022,Taux brut de natalité (pour mille),8.6
29212,Plouzané,29,2022,Taux brut de natalité (pour mille),8.6
29213,Plouzévédé,29,2022,Taux brut de natalité (pour mille),8.6
29214,Plovan,29,2022,Taux brut de natalité (pour mille),8.6
29215,Plozévet,29,2022,Taux brut de natalité (pour mille),8.6
29216,Pluguffan,29,2022,Taux brut de natalité (pour mille),8.6
29217,Pont-Aven,29,2022,Taux brut de natalité (pour mille),8.6
29218,Pont-Croix,29,2022,Taux brut de natalité (pour mille),8.6
29220,Pont-l'Abbé,29,2022,Taux brut de natalité (pour mille),8.6
29221,Porspoder,29,2022,Taux brut de natalité (pour mille),8.6
29222,Port-Launay,29,2022,Taux brut de natalité (pour mille),8.6
29224,Pouldergat,29,2022,Taux brut de natalité (pour mille),8.6
29225,Pouldreuzic,29,2022,Taux brut de natalité (pour mille),8.6
29226,Poullan-sur-Mer,29,2022,Taux brut de natalité (pour mille),8.6
29227,Poullaouen,29,2022,Taux brut de natalité (pour mille),8.6
29228,Primelin,29,2022,Taux brut de natalité (pour mille),8.6
29229,Quéménéven,29,2022,Taux brut de natalité (pour mille),8.6
29230,Querrien,29,2022,Taux brut de natalité (pour mille),8.6
29232,Quimper,29,2022,Taux brut de natalité (pour mille),8.6
29233,Quimperlé,29,2022,Taux brut de natalité (pour mille),8.6
29234,Rédené,29,2022,Taux brut de natalité (pour mille),8.6
29235,Le Relecq-Kerhuon,29,2022,Taux brut de natalité (pour mille),8.6
29236,Riec-sur-Bélon,29,2022,Taux brut de natalité (pour mille),8.6
29237,La Roche-Maurice,29,2022,Taux brut de natalité (pour mille),8.6
29238,Roscanvel,29,2022,Taux brut de natalité (pour mille),8.6
29239,Roscoff,29,2022,Taux brut de natalité (pour mille),8.6
29240,Rosnoën,29,2022,Taux brut de natalité (pour mille),8.6
29241,Rosporden,29,2022,Taux brut de natalité (pour mille),8.6
29243,Saint-Coulitz,29,2022,Taux brut de natalité (pour mille),8.6
29244,Saint-Derrien,29,2022,Taux brut de natalité (pour mille),8.6
29245,Saint-Divy,29,2022,Taux brut de natalité (pour mille),8.6
29246,Saint-Eloy,29,2022,Taux brut de natalité (pour mille),8.6
29247,Saint-Évarzec,29,2022,Taux brut de natalité (pour mille),8.6
29248,Saint-Frégant,29,2022,Taux brut de natalité (pour mille),8.6
29249,Saint-Goazec,29,2022,Taux brut de natalité (pour mille),8.6
29250,Saint-Hernin,29,2022,Taux brut de natalité (pour mille),8.6
29251,Saint-Jean-du-Doigt,29,2022,Taux brut de natalité (pour mille),8.6
29252,Saint-Jean-Trolimon,29,2022,Taux brut de natalité (pour mille),8.6
29254,Saint-Martin-des-Champs,29,2022,Taux brut de natalité (pour mille),8.6
29255,Saint-Méen,29,2022,Taux brut de natalité (pour mille),8.6
29256,Saint-Nic,29,2022,Taux brut de natalité (pour mille),8.6
29257,Saint-Pabu,29,2022,Taux brut de natalité (pour mille),8.6
29259,Saint-Pol-de-Léon,29,2022,Taux brut de natalité (pour mille),8.6
29260,Saint-Renan,29,2022,Taux brut de natalité (pour mille),8.6
29261,Saint-Rivoal,29,2022,Taux brut de natalité (pour mille),8.6
29262,Saint-Sauveur,29,2022,Taux brut de natalité (pour mille),8.6
29263,Saint-Ségal,29,2022,Taux brut de natalité (pour mille),8.6
29264,Saint-Servais,29,2022,Taux brut de natalité (pour mille),8.6
29265,Sainte-Sève,29,2022,Taux brut de natalité (pour mille),8.6
29266,Saint-Thégonnec Loc-Eguiner,29,2022,Taux brut de natalité (pour mille),8.6
29267,Saint-Thois,29,2022,Taux brut de natalité (pour mille),8.6
29268,Saint-Thonan,29,2022,Taux brut de natalité (pour mille),8.6
29269,Saint-Thurien,29,2022,Taux brut de natalité (pour mille),8.6
29270,Saint-Urbain,29,2022,Taux brut de natalité (pour mille),8.6
29271,Saint-Vougay,29,2022,Taux brut de natalité (pour mille),8.6
29272,Saint-Yvi,29,2022,Taux brut de natalité (pour mille),8.6
29273,Santec,29,2022,Taux brut de natalité (pour mille),8.6
29274,Scaër,29,2022,Taux brut de natalité (pour mille),8.6
29275,Scrignac,29,2022,Taux brut de natalité (pour mille),8.6
29276,Sibiril,29,2022,Taux brut de natalité (pour mille),8.6
29277,Sizun,29,2022,Taux brut de natalité (pour mille),8.6
29278,Spézet,29,2022,Taux brut de natalité (pour mille),8.6
29279,Taulé,29,2022,Taux brut de natalité (pour mille),8.6
29280,Telgruc-sur-Mer,29,2022,Taux brut de natalité (pour mille),8.6
29281,Tourch,29,2022,Taux brut de natalité (pour mille),8.6
29282,Trébabu,29,2022,Taux brut de natalité (pour mille),8.6
29284,Treffiagat,29,2022,Taux brut de natalité (pour mille),8.6
29285,Tréflaouénan,29,2022,Taux brut de natalité (pour mille),8.6
29286,Tréflévénez,29,2022,Taux brut de natalité (pour mille),8.6
29287,Tréflez,29,2022,Taux brut de natalité (pour mille),8.6
29288,Trégarantec,29,2022,Taux brut de natalité (pour mille),8.6
29289,Trégarvan,29,2022,Taux brut de natalité (pour mille),8.6
29290,Tréglonou,29,2022,Taux brut de natalité (pour mille),8.6
29291,Trégourez,29,2022,Taux brut de natalité (pour mille),8.6
29292,Tréguennec,29,2022,Taux brut de natalité (pour mille),8.6
29293,Trégunc,29,2022,Taux brut de natalité (pour mille),8.6
29294,Le Tréhou,29,2022,Taux brut de natalité (pour mille),8.6
29295,Trémaouézan,29,2022,Taux brut de natalité (pour mille),8.6
29296,Tréméoc,29,2022,Taux brut de natalité (pour mille),8.6
29297,Tréméven,29,2022,Taux brut de natalité (pour mille),8.6
29298,Tréogat,29,2022,Taux brut de natalité (pour mille),8.6
29299,Tréouergat,29,2022,Taux brut de natalité (pour mille),8.6
29300,Le Trévoux,29,2022,Taux brut de natalité (pour mille),8.6
29301,Trézilidé,29,2022,Taux brut de natalité (pour mille),8.6
29302,Pont-de-Buis-lès-Quimerch,29,2022,Taux brut de natalité (pour mille),8.6
35001,Acigné,35,2022,Taux brut de natalité (pour mille),10.2
35002,Amanlis,35,2022,Taux brut de natalité (pour mille),10.2
35003,Andouillé-Neuville,35,2022,Taux brut de natalité (pour mille),10.2
35004,Val-Couesnon,35,2022,Taux brut de natalité (pour mille),10.2
35005,Arbrissel,35,2022,Taux brut de natalité (pour mille),10.2
35006,Argentré-du-Plessis,35,2022,Taux brut de natalité (pour mille),10.2
35007,Aubigné,35,2022,Taux brut de natalité (pour mille),10.2
35008,Availles-sur-Seiche,35,2022,Taux brut de natalité (pour mille),10.2
35009,Baguer-Morvan,35,2022,Taux brut de natalité (pour mille),10.2
35010,Baguer-Pican,35,2022,Taux brut de natalité (pour mille),10.2
35012,Bain-de-Bretagne,35,2022,Taux brut de natalité (pour mille),10.2
35013,Bains-sur-Oust,35,2022,Taux brut de natalité (pour mille),10.2
35014,Bais,35,2022,Taux brut de natalité (pour mille),10.2
35015,Balazé,35,2022,Taux brut de natalité (pour mille),10.2
35016,Baulon,35,2022,Taux brut de natalité (pour mille),10.2
35017,La Baussaine,35,2022,Taux brut de natalité (pour mille),10.2
35018,La Bazouge-du-Désert,35,2022,Taux brut de natalité (pour mille),10.2
35019,Bazouges-la-Pérouse,35,2022,Taux brut de natalité (pour mille),10.2
35021,Beaucé,35,2022,Taux brut de natalité (pour mille),10.2
35022,Bécherel,35,2022,Taux brut de natalité (pour mille),10.2
35023,Bédée,35,2022,Taux brut de natalité (pour mille),10.2
35024,Betton,35,2022,Taux brut de natalité (pour mille),10.2
35025,Billé,35,2022,Taux brut de natalité (pour mille),10.2
35026,Bléruais,35,2022,Taux brut de natalité (pour mille),10.2
35027,Boisgervilly,35,2022,Taux brut de natalité (pour mille),10.2
35028,Boistrudan,35,2022,Taux brut de natalité (pour mille),10.2
35029,Bonnemain,35,2022,Taux brut de natalité (pour mille),10.2
35030,La Bosse-de-Bretagne,35,2022,Taux brut de natalité (pour mille),10.2
35031,La Bouëxière,35,2022,Taux brut de natalité (pour mille),10.2
35032,Bourgbarré,35,2022,Taux brut de natalité (pour mille),10.2
35033,Bourg-des-Comptes,35,2022,Taux brut de natalité (pour mille),10.2
35034,La Boussac,35,2022,Taux brut de natalité (pour mille),10.2
35035,Bovel,35,2022,Taux brut de natalité (pour mille),10.2
35037,Bréal-sous-Montfort,35,2022,Taux brut de natalité (pour mille),10.2
35038,Bréal-sous-Vitré,35,2022,Taux brut de natalité (pour mille),10.2
35039,Brécé,35,2022,Taux brut de natalité (pour mille),10.2
35040,Breteil,35,2022,Taux brut de natalité (pour mille),10.2
35041,Brie,35,2022,Taux brut de natalité (pour mille),10.2
35042,Brielles,35,2022,Taux brut de natalité (pour mille),10.2
35044,Broualan,35,2022,Taux brut de natalité (pour mille),10.2
35045,Bruc-sur-Aff,35,2022,Taux brut de natalité (pour mille),10.2
35046,Les Brulais,35,2022,Taux brut de natalité (pour mille),10.2
35047,Bruz,35,2022,Taux brut de natalité (pour mille),10.2
35049,Cancale,35,2022,Taux brut de natalité (pour mille),10.2
35050,Cardroc,35,2022,Taux brut de natalité (pour mille),10.2
35051,Cesson-Sévigné,35,2022,Taux brut de natalité (pour mille),10.2
35052,Champeaux,35,2022,Taux brut de natalité (pour mille),10.2
35054,Chanteloup,35,2022,Taux brut de natalité (pour mille),10.2
35055,Chantepie,35,2022,Taux brut de natalité (pour mille),10.2
35056,La Chapelle-aux-Filtzméens,35,2022,Taux brut de natalité (pour mille),10.2
35057,La Chapelle-Bouëxic,35,2022,Taux brut de natalité (pour mille),10.2
35058,La Chapelle-Chaussée,35,2022,Taux brut de natalité (pour mille),10.2
35059,La Chapelle-des-Fougeretz,35,2022,Taux brut de natalité (pour mille),10.2
35060,La Chapelle du Lou du Lac,35,2022,Taux brut de natalité (pour mille),10.2
35061,La Chapelle-Erbrée,35,2022,Taux brut de natalité (pour mille),10.2
35062,La Chapelle-Fleurigné,35,2022,Taux brut de natalité (pour mille),10.2
35063,La Chapelle-Saint-Aubert,35,2022,Taux brut de natalité (pour mille),10.2
35064,La Chapelle-de-Brain,35,2022,Taux brut de natalité (pour mille),10.2
35065,La Chapelle-Thouarault,35,2022,Taux brut de natalité (pour mille),10.2
35066,Chartres-de-Bretagne,35,2022,Taux brut de natalité (pour mille),10.2
35067,Chasné-sur-Illet,35,2022,Taux brut de natalité (pour mille),10.2
35068,Châteaubourg,35,2022,Taux brut de natalité (pour mille),10.2
35069,Châteaugiron,35,2022,Taux brut de natalité (pour mille),10.2
35070,Châteauneuf-d'Ille-et-Vilaine,35,2022,Taux brut de natalité (pour mille),10.2
35071,Le Châtellier,35,2022,Taux brut de natalité (pour mille),10.2
35072,Châtillon-en-Vendelais,35,2022,Taux brut de natalité (pour mille),10.2
35075,Chauvigné,35,2022,Taux brut de natalité (pour mille),10.2
35076,Chavagne,35,2022,Taux brut de natalité (pour mille),10.2
35077,Chelun,35,2022,Taux brut de natalité (pour mille),10.2
35078,Cherrueix,35,2022,Taux brut de natalité (pour mille),10.2
35079,Chevaigné,35,2022,Taux brut de natalité (pour mille),10.2
35080,Cintré,35,2022,Taux brut de natalité (pour mille),10.2
35081,Clayes,35,2022,Taux brut de natalité (pour mille),10.2
35082,Coësmes,35,2022,Taux brut de natalité (pour mille),10.2
35084,Comblessac,35,2022,Taux brut de natalité (pour mille),10.2
35085,Combourg,35,2022,Taux brut de natalité (pour mille),10.2
35086,Combourtillé,35,2022,Taux brut de natalité (pour mille),10.2
35087,Cornillé,35,2022,Taux brut de natalité (pour mille),10.2
35088,Corps-Nuds,35,2022,Taux brut de natalité (pour mille),10.2
35089,La Couyère,35,2022,Taux brut de natalité (pour mille),10.2
35090,Crevin,35,2022,Taux brut de natalité (pour mille),10.2
35091,Le Crouais,35,2022,Taux brut de natalité (pour mille),10.2
35092,Cuguen,35,2022,Taux brut de natalité (pour mille),10.2
35093,Dinard,35,2022,Taux brut de natalité (pour mille),10.2
35094,Dingé,35,2022,Taux brut de natalité (pour mille),10.2
35095,Dol-de-Bretagne,35,2022,Taux brut de natalité (pour mille),10.2
35096,Domagné,35,2022,Taux brut de natalité (pour mille),10.2
35097,Domalain,35,2022,Taux brut de natalité (pour mille),10.2
35098,La Dominelais,35,2022,Taux brut de natalité (pour mille),10.2
35099,Domloup,35,2022,Taux brut de natalité (pour mille),10.2
35101,Dourdain,35,2022,Taux brut de natalité (pour mille),10.2
35102,Drouges,35,2022,Taux brut de natalité (pour mille),10.2
35103,Eancé,35,2022,Taux brut de natalité (pour mille),10.2
35104,Epiniac,35,2022,Taux brut de natalité (pour mille),10.2
35105,Erbrée,35,2022,Taux brut de natalité (pour mille),10.2
35106,Ercé-en-Lamée,35,2022,Taux brut de natalité (pour mille),10.2
35107,Ercé-près-Liffré,35,2022,Taux brut de natalité (pour mille),10.2
35108,Essé,35,2022,Taux brut de natalité (pour mille),10.2
35109,Étrelles,35,2022,Taux brut de natalité (pour mille),10.2
35110,Feins,35,2022,Taux brut de natalité (pour mille),10.2
35111,Le Ferré,35,2022,Taux brut de natalité (pour mille),10.2
35114,Forges-la-Forêt,35,2022,Taux brut de natalité (pour mille),10.2
35115,Fougères,35,2022,Taux brut de natalité (pour mille),10.2
35116,La Fresnais,35,2022,Taux brut de natalité (pour mille),10.2
35117,Gaël,35,2022,Taux brut de natalité (pour mille),10.2
35118,Gahard,35,2022,Taux brut de natalité (pour mille),10.2
35119,Gennes-sur-Seiche,35,2022,Taux brut de natalité (pour mille),10.2
35120,Gévezé,35,2022,Taux brut de natalité (pour mille),10.2
35121,Gosné,35,2022,Taux brut de natalité (pour mille),10.2
35122,La Gouesnière,35,2022,Taux brut de natalité (pour mille),10.2
35123,Goven,35,2022,Taux brut de natalité (pour mille),10.2
35124,Grand-Fougeray,35,2022,Taux brut de natalité (pour mille),10.2
35125,La Guerche-de-Bretagne,35,2022,Taux brut de natalité (pour mille),10.2
35126,Guichen,35,2022,Taux brut de natalité (pour mille),10.2
35127,Guignen,35,2022,Taux brut de natalité (pour mille),10.2
35128,Guipel,35,2022,Taux brut de natalité (pour mille),10.2
35130,Hédé-Bazouges,35,2022,Taux brut de natalité (pour mille),10.2
35131,L'Hermitage,35,2022,Taux brut de natalité (pour mille),10.2
35132,Hirel,35,2022,Taux brut de natalité (pour mille),10.2
35133,Iffendic,35,2022,Taux brut de natalité (pour mille),10.2
35134,Les Iffs,35,2022,Taux brut de natalité (pour mille),10.2
35135,Irodouër,35,2022,Taux brut de natalité (pour mille),10.2
35136,Janzé,35,2022,Taux brut de natalité (pour mille),10.2
35137,Javené,35,2022,Taux brut de natalité (pour mille),10.2
35138,Laignelet,35,2022,Taux brut de natalité (pour mille),10.2
35139,Laillé,35,2022,Taux brut de natalité (pour mille),10.2
35140,Lalleu,35,2022,Taux brut de natalité (pour mille),10.2
35141,Landavran,35,2022,Taux brut de natalité (pour mille),10.2
35142,Landéan,35,2022,Taux brut de natalité (pour mille),10.2
35143,Landujan,35,2022,Taux brut de natalité (pour mille),10.2
35144,Langan,35,2022,Taux brut de natalité (pour mille),10.2
35145,Langon,35,2022,Taux brut de natalité (pour mille),10.2
35146,Langouet,35,2022,Taux brut de natalité (pour mille),10.2
35148,Lanrigan,35,2022,Taux brut de natalité (pour mille),10.2
35149,Lassy,35,2022,Taux brut de natalité (pour mille),10.2
35150,Lécousse,35,2022,Taux brut de natalité (pour mille),10.2
35151,Lieuron,35,2022,Taux brut de natalité (pour mille),10.2
35152,Liffré,35,2022,Taux brut de natalité (pour mille),10.2
35153,Lillemer,35,2022,Taux brut de natalité (pour mille),10.2
35154,Livré-sur-Changeon,35,2022,Taux brut de natalité (pour mille),10.2
35155,Lohéac,35,2022,Taux brut de natalité (pour mille),10.2
35156,Longaulnay,35,2022,Taux brut de natalité (pour mille),10.2
35157,Le Loroux,35,2022,Taux brut de natalité (pour mille),10.2
35159,Lourmais,35,2022,Taux brut de natalité (pour mille),10.2
35160,Loutehel,35,2022,Taux brut de natalité (pour mille),10.2
35161,Louvigné-de-Bais,35,2022,Taux brut de natalité (pour mille),10.2
35162,Louvigné-du-Désert,35,2022,Taux brut de natalité (pour mille),10.2
35163,Luitré-Dompierre,35,2022,Taux brut de natalité (pour mille),10.2
35164,Marcillé-Raoul,35,2022,Taux brut de natalité (pour mille),10.2
35165,Marcillé-Robert,35,2022,Taux brut de natalité (pour mille),10.2
35166,Marpiré,35,2022,Taux brut de natalité (pour mille),10.2
35167,Martigné-Ferchaud,35,2022,Taux brut de natalité (pour mille),10.2
35168,Val d'Anast,35,2022,Taux brut de natalité (pour mille),10.2
35169,Maxent,35,2022,Taux brut de natalité (pour mille),10.2
35170,Mecé,35,2022,Taux brut de natalité (pour mille),10.2
35171,Médréac,35,2022,Taux brut de natalité (pour mille),10.2
35172,Meillac,35,2022,Taux brut de natalité (pour mille),10.2
35173,Melesse,35,2022,Taux brut de natalité (pour mille),10.2
35174,Mellé,35,2022,Taux brut de natalité (pour mille),10.2
35175,Mernel,35,2022,Taux brut de natalité (pour mille),10.2
35176,Guipry-Messac,35,2022,Taux brut de natalité (pour mille),10.2
35177,La Mézière,35,2022,Taux brut de natalité (pour mille),10.2
35178,Mézières-sur-Couesnon,35,2022,Taux brut de natalité (pour mille),10.2
35179,Miniac-Morvan,35,2022,Taux brut de natalité (pour mille),10.2
35180,Miniac-sous-Bécherel,35,2022,Taux brut de natalité (pour mille),10.2
35181,Le Minihic-sur-Rance,35,2022,Taux brut de natalité (pour mille),10.2
35183,Mondevert,35,2022,Taux brut de natalité (pour mille),10.2
35184,Montauban-de-Bretagne,35,2022,Taux brut de natalité (pour mille),10.2
35185,Montautour,35,2022,Taux brut de natalité (pour mille),10.2
35186,Mont-Dol,35,2022,Taux brut de natalité (pour mille),10.2
35187,Monterfil,35,2022,Taux brut de natalité (pour mille),10.2
35188,Montfort-sur-Meu,35,2022,Taux brut de natalité (pour mille),10.2
35189,Montgermont,35,2022,Taux brut de natalité (pour mille),10.2
35190,Monthault,35,2022,Taux brut de natalité (pour mille),10.2
35191,Les Portes du Coglais,35,2022,Taux brut de natalité (pour mille),10.2
35192,Montreuil-des-Landes,35,2022,Taux brut de natalité (pour mille),10.2
35193,Montreuil-le-Gast,35,2022,Taux brut de natalité (pour mille),10.2
35194,Montreuil-sous-Pérouse,35,2022,Taux brut de natalité (pour mille),10.2
35195,Montreuil-sur-Ille,35,2022,Taux brut de natalité (pour mille),10.2
35196,Mordelles,35,2022,Taux brut de natalité (pour mille),10.2
35197,Mouazé,35,2022,Taux brut de natalité (pour mille),10.2
35198,Moulins,35,2022,Taux brut de natalité (pour mille),10.2
35199,Moussé,35,2022,Taux brut de natalité (pour mille),10.2
35200,Moutiers,35,2022,Taux brut de natalité (pour mille),10.2
35201,Muel,35,2022,Taux brut de natalité (pour mille),10.2
35202,La Noë-Blanche,35,2022,Taux brut de natalité (pour mille),10.2
35203,La Nouaye,35,2022,Taux brut de natalité (pour mille),10.2
35204,Nouvoitou,35,2022,Taux brut de natalité (pour mille),10.2
35205,Noyal-sous-Bazouges,35,2022,Taux brut de natalité (pour mille),10.2
35206,Noyal-Châtillon-sur-Seiche,35,2022,Taux brut de natalité (pour mille),10.2
35207,Noyal-sur-Vilaine,35,2022,Taux brut de natalité (pour mille),10.2
35208,Orgères,35,2022,Taux brut de natalité (pour mille),10.2
35210,Pacé,35,2022,Taux brut de natalité (pour mille),10.2
35211,Paimpont,35,2022,Taux brut de natalité (pour mille),10.2
35212,Pancé,35,2022,Taux brut de natalité (pour mille),10.2
35214,Parcé,35,2022,Taux brut de natalité (pour mille),10.2
35215,Parigné,35,2022,Taux brut de natalité (pour mille),10.2
35216,Parthenay-de-Bretagne,35,2022,Taux brut de natalité (pour mille),10.2
35217,Le Pertre,35,2022,Taux brut de natalité (pour mille),10.2
35218,Le Petit-Fougeray,35,2022,Taux brut de natalité (pour mille),10.2
35219,Pipriac,35,2022,Taux brut de natalité (pour mille),10.2
35220,Piré-Chancé,35,2022,Taux brut de natalité (pour mille),10.2
35221,Pléchâtel,35,2022,Taux brut de natalité (pour mille),10.2
35222,Pleine-Fougères,35,2022,Taux brut de natalité (pour mille),10.2
35223,Plélan-le-Grand,35,2022,Taux brut de natalité (pour mille),10.2
35224,Plerguer,35,2022,Taux brut de natalité (pour mille),10.2
35225,Plesder,35,2022,Taux brut de natalité (pour mille),10.2
35226,Pleugueneuc,35,2022,Taux brut de natalité (pour mille),10.2
35227,Pleumeleuc,35,2022,Taux brut de natalité (pour mille),10.2
35228,Pleurtuit,35,2022,Taux brut de natalité (pour mille),10.2
35229,Pocé-les-Bois,35,2022,Taux brut de natalité (pour mille),10.2
35230,Poilley,35,2022,Taux brut de natalité (pour mille),10.2
35231,Poligné,35,2022,Taux brut de natalité (pour mille),10.2
35232,Princé,35,2022,Taux brut de natalité (pour mille),10.2
35233,Québriac,35,2022,Taux brut de natalité (pour mille),10.2
35234,Quédillac,35,2022,Taux brut de natalité (pour mille),10.2
35235,Rannée,35,2022,Taux brut de natalité (pour mille),10.2
35236,Redon,35,2022,Taux brut de natalité (pour mille),10.2
35237,Renac,35,2022,Taux brut de natalité (pour mille),10.2
35238,Rennes,35,2022,Taux brut de natalité (pour mille),10.2
35239,Retiers,35,2022,Taux brut de natalité (pour mille),10.2
35240,Le Rheu,35,2022,Taux brut de natalité (pour mille),10.2
35241,La Richardais,35,2022,Taux brut de natalité (pour mille),10.2
35242,Rimou,35,2022,Taux brut de natalité (pour mille),10.2
35243,Romagné,35,2022,Taux brut de natalité (pour mille),10.2
35244,Romazy,35,2022,Taux brut de natalité (pour mille),10.2
35245,Romillé,35,2022,Taux brut de natalité (pour mille),10.2
35246,Roz-Landrieux,35,2022,Taux brut de natalité (pour mille),10.2
35247,Roz-sur-Couesnon,35,2022,Taux brut de natalité (pour mille),10.2
35248,Sains,35,2022,Taux brut de natalité (pour mille),10.2
35249,Sainte-Anne-sur-Vilaine,35,2022,Taux brut de natalité (pour mille),10.2
35250,Saint-Armel,35,2022,Taux brut de natalité (pour mille),10.2
35251,Saint-Aubin-d'Aubigné,35,2022,Taux brut de natalité (pour mille),10.2
35252,Saint-Aubin-des-Landes,35,2022,Taux brut de natalité (pour mille),10.2
35253,Saint-Aubin-du-Cormier,35,2022,Taux brut de natalité (pour mille),10.2
35255,Saint-Benoît-des-Ondes,35,2022,Taux brut de natalité (pour mille),10.2
35256,Saint-Briac-sur-Mer,35,2022,Taux brut de natalité (pour mille),10.2
35257,Maen Roch,35,2022,Taux brut de natalité (pour mille),10.2
35258,Saint-Brieuc-des-Iffs,35,2022,Taux brut de natalité (pour mille),10.2
35259,Saint-Broladre,35,2022,Taux brut de natalité (pour mille),10.2
35260,Saint-Christophe-des-Bois,35,2022,Taux brut de natalité (pour mille),10.2
35261,Saint-Christophe-de-Valains,35,2022,Taux brut de natalité (pour mille),10.2
35262,Sainte-Colombe,35,2022,Taux brut de natalité (pour mille),10.2
35263,Saint-Coulomb,35,2022,Taux brut de natalité (pour mille),10.2
35264,Saint-Didier,35,2022,Taux brut de natalité (pour mille),10.2
35265,Saint-Domineuc,35,2022,Taux brut de natalité (pour mille),10.2
35266,Saint-Erblon,35,2022,Taux brut de natalité (pour mille),10.2
35268,Saint-Ganton,35,2022,Taux brut de natalité (pour mille),10.2
35270,Saint-Georges-de-Gréhaigne,35,2022,Taux brut de natalité (pour mille),10.2
35271,Saint-Georges-de-Reintembault,35,2022,Taux brut de natalité (pour mille),10.2
35272,Saint-Germain-du-Pinel,35,2022,Taux brut de natalité (pour mille),10.2
35273,Saint-Germain-en-Coglès,35,2022,Taux brut de natalité (pour mille),10.2
35274,Saint-Germain-sur-Ille,35,2022,Taux brut de natalité (pour mille),10.2
35275,Saint-Gilles,35,2022,Taux brut de natalité (pour mille),10.2
35276,Saint-Gondran,35,2022,Taux brut de natalité (pour mille),10.2
35277,Saint-Gonlay,35,2022,Taux brut de natalité (pour mille),10.2
35278,Saint-Grégoire,35,2022,Taux brut de natalité (pour mille),10.2
35279,Saint-Guinoux,35,2022,Taux brut de natalité (pour mille),10.2
35280,Saint-Hilaire-des-Landes,35,2022,Taux brut de natalité (pour mille),10.2
35281,Saint-Jacques-de-la-Lande,35,2022,Taux brut de natalité (pour mille),10.2
35282,Rives-du-Couesnon,35,2022,Taux brut de natalité (pour mille),10.2
35283,Saint-Jean-sur-Vilaine,35,2022,Taux brut de natalité (pour mille),10.2
35284,Saint-Jouan-des-Guérets,35,2022,Taux brut de natalité (pour mille),10.2
35285,Saint-Just,35,2022,Taux brut de natalité (pour mille),10.2
35286,Saint-Léger-des-Prés,35,2022,Taux brut de natalité (pour mille),10.2
35287,Saint-Lunaire,35,2022,Taux brut de natalité (pour mille),10.2
35288,Saint-Malo,35,2022,Taux brut de natalité (pour mille),10.2
35289,Saint-Malo-de-Phily,35,2022,Taux brut de natalité (pour mille),10.2
35290,Saint-Malon-sur-Mel,35,2022,Taux brut de natalité (pour mille),10.2
35291,Saint-Marcan,35,2022,Taux brut de natalité (pour mille),10.2
35292,Saint-Marc-le-Blanc,35,2022,Taux brut de natalité (pour mille),10.2
35294,Sainte-Marie,35,2022,Taux brut de natalité (pour mille),10.2
35295,Saint-Maugan,35,2022,Taux brut de natalité (pour mille),10.2
35296,Saint-Médard-sur-Ille,35,2022,Taux brut de natalité (pour mille),10.2
35297,Saint-Méen-le-Grand,35,2022,Taux brut de natalité (pour mille),10.2
35299,Saint-Méloir-des-Ondes,35,2022,Taux brut de natalité (pour mille),10.2
35300,Saint-M'Hervé,35,2022,Taux brut de natalité (pour mille),10.2
35302,Saint-Onen-la-Chapelle,35,2022,Taux brut de natalité (pour mille),10.2
35304,Saint-Ouen-des-Alleux,35,2022,Taux brut de natalité (pour mille),10.2
35305,Saint-Péran,35,2022,Taux brut de natalité (pour mille),10.2
35306,Saint-Père-Marc-en-Poulet,35,2022,Taux brut de natalité (pour mille),10.2
35307,Saint-Pern,35,2022,Taux brut de natalité (pour mille),10.2
35308,Mesnil-Roc'h,35,2022,Taux brut de natalité (pour mille),10.2
35309,Saint-Rémy-du-Plain,35,2022,Taux brut de natalité (pour mille),10.2
35310,Saint-Sauveur-des-Landes,35,2022,Taux brut de natalité (pour mille),10.2
35311,Saint-Séglin,35,2022,Taux brut de natalité (pour mille),10.2
35312,Saint-Senoux,35,2022,Taux brut de natalité (pour mille),10.2
35314,Saint-Suliac,35,2022,Taux brut de natalité (pour mille),10.2
35315,Saint-Sulpice-la-Forêt,35,2022,Taux brut de natalité (pour mille),10.2
35316,Saint-Sulpice-des-Landes,35,2022,Taux brut de natalité (pour mille),10.2
35317,Saint-Symphorien,35,2022,Taux brut de natalité (pour mille),10.2
35318,Saint-Thual,35,2022,Taux brut de natalité (pour mille),10.2
35319,Saint-Thurial,35,2022,Taux brut de natalité (pour mille),10.2
35320,Saint-Uniac,35,2022,Taux brut de natalité (pour mille),10.2
35321,Saulnières,35,2022,Taux brut de natalité (pour mille),10.2
35322,Le Sel-de-Bretagne,35,2022,Taux brut de natalité (pour mille),10.2
35324,La Selle-en-Luitré,35,2022,Taux brut de natalité (pour mille),10.2
35325,La Selle-Guerchaise,35,2022,Taux brut de natalité (pour mille),10.2
35326,Sens-de-Bretagne,35,2022,Taux brut de natalité (pour mille),10.2
35327,Servon-sur-Vilaine,35,2022,Taux brut de natalité (pour mille),10.2
35328,Sixt-sur-Aff,35,2022,Taux brut de natalité (pour mille),10.2
35329,Sougeal,35,2022,Taux brut de natalité (pour mille),10.2
35330,Taillis,35,2022,Taux brut de natalité (pour mille),10.2
35331,Talensac,35,2022,Taux brut de natalité (pour mille),10.2
35332,Teillay,35,2022,Taux brut de natalité (pour mille),10.2
35333,Le Theil-de-Bretagne,35,2022,Taux brut de natalité (pour mille),10.2
35334,Thorigné-Fouillard,35,2022,Taux brut de natalité (pour mille),10.2
35335,Thourie,35,2022,Taux brut de natalité (pour mille),10.2
35336,Le Tiercent,35,2022,Taux brut de natalité (pour mille),10.2
35337,Tinténiac,35,2022,Taux brut de natalité (pour mille),10.2
35338,Torcé,35,2022,Taux brut de natalité (pour mille),10.2
35339,Trans-la-Forêt,35,2022,Taux brut de natalité (pour mille),10.2
35340,Treffendel,35,2022,Taux brut de natalité (pour mille),10.2
35342,Trémeheuc,35,2022,Taux brut de natalité (pour mille),10.2
35343,Tresbœuf,35,2022,Taux brut de natalité (pour mille),10.2
35345,Trévérien,35,2022,Taux brut de natalité (pour mille),10.2
35346,Trimer,35,2022,Taux brut de natalité (pour mille),10.2
35347,Val-d'Izé,35,2022,Taux brut de natalité (pour mille),10.2
35350,Vergéal,35,2022,Taux brut de natalité (pour mille),10.2
35351,Le Verger,35,2022,Taux brut de natalité (pour mille),10.2
35352,Vern-sur-Seiche,35,2022,Taux brut de natalité (pour mille),10.2
35353,Vezin-le-Coquet,35,2022,Taux brut de natalité (pour mille),10.2
35354,Vieux-Viel,35,2022,Taux brut de natalité (pour mille),10.2
35355,Vieux-Vy-sur-Couesnon,35,2022,Taux brut de natalité (pour mille),10.2
35356,Vignoc,35,2022,Taux brut de natalité (pour mille),10.2
35357,Villamée,35,2022,Taux brut de natalité (pour mille),10.2
35358,La Ville-ès-Nonais,35,2022,Taux brut de natalité (pour mille),10.2
35359,Visseiche,35,2022,Taux brut de natalité (pour mille),10.2
35360,Vitré,35,2022,Taux brut de natalité (pour mille),10.2
35361,Le Vivier-sur-Mer,35,2022,Taux brut de natalité (pour mille),10.2
35362,Le Tronchet,35,2022,Taux brut de natalité (pour mille),10.2
35363,Pont-Péan,35,2022,Taux brut de natalité (pour mille),10.2
56001,Allaire,56,2022,Taux brut de natalité (pour mille),8.7
56002,Ambon,56,2022,Taux brut de natalité (pour mille),8.7
56003,Arradon,56,2022,Taux brut de natalité (pour mille),8.7
56004,Arzal,56,2022,Taux brut de natalité (pour mille),8.7
56005,Arzon,56,2022,Taux brut de natalité (pour mille),8.7
56006,Augan,56,2022,Taux brut de natalité (pour mille),8.7
56007,Auray,56,2022,Taux brut de natalité (pour mille),8.7
56008,Baden,56,2022,Taux brut de natalité (pour mille),8.7
56009,Bangor,56,2022,Taux brut de natalité (pour mille),8.7
56010,Baud,56,2022,Taux brut de natalité (pour mille),8.7
56011,Béganne,56,2022,Taux brut de natalité (pour mille),8.7
56012,Beignon,56,2022,Taux brut de natalité (pour mille),8.7
56013,Belz,56,2022,Taux brut de natalité (pour mille),8.7
56014,Berné,56,2022,Taux brut de natalité (pour mille),8.7
56015,Berric,56,2022,Taux brut de natalité (pour mille),8.7
56017,Bignan,56,2022,Taux brut de natalité (pour mille),8.7
56018,Billiers,56,2022,Taux brut de natalité (pour mille),8.7
56019,Billio,56,2022,Taux brut de natalité (pour mille),8.7
56020,Bohal,56,2022,Taux brut de natalité (pour mille),8.7
56021,Brandérion,56,2022,Taux brut de natalité (pour mille),8.7
56022,Brandivy,56,2022,Taux brut de natalité (pour mille),8.7
56023,Brech,56,2022,Taux brut de natalité (pour mille),8.7
56024,Bréhan,56,2022,Taux brut de natalité (pour mille),8.7
56025,Brignac,56,2022,Taux brut de natalité (pour mille),8.7
56026,Bubry,56,2022,Taux brut de natalité (pour mille),8.7
56027,Buléon,56,2022,Taux brut de natalité (pour mille),8.7
56028,Caden,56,2022,Taux brut de natalité (pour mille),8.7
56029,Calan,56,2022,Taux brut de natalité (pour mille),8.7
56030,Camoël,56,2022,Taux brut de natalité (pour mille),8.7
56031,Camors,56,2022,Taux brut de natalité (pour mille),8.7
56032,Campénéac,56,2022,Taux brut de natalité (pour mille),8.7
56033,Carentoir,56,2022,Taux brut de natalité (pour mille),8.7
56034,Carnac,56,2022,Taux brut de natalité (pour mille),8.7
56035,Caro,56,2022,Taux brut de natalité (pour mille),8.7
56036,Caudan,56,2022,Taux brut de natalité (pour mille),8.7
56039,La Chapelle-Neuve,56,2022,Taux brut de natalité (pour mille),8.7
56040,Cléguer,56,2022,Taux brut de natalité (pour mille),8.7
56041,Cléguérec,56,2022,Taux brut de natalité (pour mille),8.7
56042,Colpo,56,2022,Taux brut de natalité (pour mille),8.7
56043,Concoret,56,2022,Taux brut de natalité (pour mille),8.7
56044,Cournon,56,2022,Taux brut de natalité (pour mille),8.7
56045,Le Cours,56,2022,Taux brut de natalité (pour mille),8.7
56046,Crach,56,2022,Taux brut de natalité (pour mille),8.7
56047,Crédin,56,2022,Taux brut de natalité (pour mille),8.7
56048,Le Croisty,56,2022,Taux brut de natalité (pour mille),8.7
56050,La Croix-Helléan,56,2022,Taux brut de natalité (pour mille),8.7
56051,Cruguel,56,2022,Taux brut de natalité (pour mille),8.7
56052,Damgan,56,2022,Taux brut de natalité (pour mille),8.7
56053,Elven,56,2022,Taux brut de natalité (pour mille),8.7
56054,Erdeven,56,2022,Taux brut de natalité (pour mille),8.7
56055,Étel,56,2022,Taux brut de natalité (pour mille),8.7
56056,Évriguet,56,2022,Taux brut de natalité (pour mille),8.7
56057,Le Faouët,56,2022,Taux brut de natalité (pour mille),8.7
56058,Férel,56,2022,Taux brut de natalité (pour mille),8.7
56060,Les Fougerêts,56,2022,Taux brut de natalité (pour mille),8.7
56061,La Gacilly,56,2022,Taux brut de natalité (pour mille),8.7
56062,Gâvres,56,2022,Taux brut de natalité (pour mille),8.7
56063,Gestel,56,2022,Taux brut de natalité (pour mille),8.7
56065,Gourhel,56,2022,Taux brut de natalité (pour mille),8.7
56066,Gourin,56,2022,Taux brut de natalité (pour mille),8.7
56067,Grand-Champ,56,2022,Taux brut de natalité (pour mille),8.7
56068,La Grée-Saint-Laurent,56,2022,Taux brut de natalité (pour mille),8.7
56069,Groix,56,2022,Taux brut de natalité (pour mille),8.7
56070,Guégon,56,2022,Taux brut de natalité (pour mille),8.7
56071,Guéhenno,56,2022,Taux brut de natalité (pour mille),8.7
56072,Gueltas,56,2022,Taux brut de natalité (pour mille),8.7
56073,Guémené-sur-Scorff,56,2022,Taux brut de natalité (pour mille),8.7
56074,Guénin,56,2022,Taux brut de natalité (pour mille),8.7
56075,Guer,56,2022,Taux brut de natalité (pour mille),8.7
56076,Guern,56,2022,Taux brut de natalité (pour mille),8.7
56077,Le Guerno,56,2022,Taux brut de natalité (pour mille),8.7
56078,Guidel,56,2022,Taux brut de natalité (pour mille),8.7
56079,Guillac,56,2022,Taux brut de natalité (pour mille),8.7
56080,Guilliers,56,2022,Taux brut de natalité (pour mille),8.7
56081,Guiscriff,56,2022,Taux brut de natalité (pour mille),8.7
56082,Helléan,56,2022,Taux brut de natalité (pour mille),8.7
56083,Hennebont,56,2022,Taux brut de natalité (pour mille),8.7
56084,Le Hézo,56,2022,Taux brut de natalité (pour mille),8.7
56085,Hœdic,56,2022,Taux brut de natalité (pour mille),8.7
56086,Île-d'Houat,56,2022,Taux brut de natalité (pour mille),8.7
56087,Île-aux-Moines,56,2022,Taux brut de natalité (pour mille),8.7
56088,Île-d'Arz,56,2022,Taux brut de natalité (pour mille),8.7
56089,Inguiniel,56,2022,Taux brut de natalité (pour mille),8.7
56090,Inzinzac-Lochrist,56,2022,Taux brut de natalité (pour mille),8.7
56091,Josselin,56,2022,Taux brut de natalité (pour mille),8.7
56092,Kerfourn,56,2022,Taux brut de natalité (pour mille),8.7
56093,Kergrist,56,2022,Taux brut de natalité (pour mille),8.7
56094,Kervignac,56,2022,Taux brut de natalité (pour mille),8.7
56096,Landaul,56,2022,Taux brut de natalité (pour mille),8.7
56097,Landévant,56,2022,Taux brut de natalité (pour mille),8.7
56098,Lanester,56,2022,Taux brut de natalité (pour mille),8.7
56099,Langoëlan,56,2022,Taux brut de natalité (pour mille),8.7
56100,Langonnet,56,2022,Taux brut de natalité (pour mille),8.7
56101,Languidic,56,2022,Taux brut de natalité (pour mille),8.7
56102,Forges de Lanouée,56,2022,Taux brut de natalité (pour mille),8.7
56103,Lantillac,56,2022,Taux brut de natalité (pour mille),8.7
56104,Lanvaudan,56,2022,Taux brut de natalité (pour mille),8.7
56105,Lanvénégen,56,2022,Taux brut de natalité (pour mille),8.7
56106,Larmor-Baden,56,2022,Taux brut de natalité (pour mille),8.7
56107,Larmor-Plage,56,2022,Taux brut de natalité (pour mille),8.7
56108,Larré,56,2022,Taux brut de natalité (pour mille),8.7
56109,Lauzach,56,2022,Taux brut de natalité (pour mille),8.7
56110,Lignol,56,2022,Taux brut de natalité (pour mille),8.7
56111,Limerzel,56,2022,Taux brut de natalité (pour mille),8.7
56112,Lizio,56,2022,Taux brut de natalité (pour mille),8.7
56113,Locmalo,56,2022,Taux brut de natalité (pour mille),8.7
56114,Locmaria,56,2022,Taux brut de natalité (pour mille),8.7
56115,Locmaria-Grand-Champ,56,2022,Taux brut de natalité (pour mille),8.7
56116,Locmariaquer,56,2022,Taux brut de natalité (pour mille),8.7
56117,Locminé,56,2022,Taux brut de natalité (pour mille),8.7
56118,Locmiquélic,56,2022,Taux brut de natalité (pour mille),8.7
56119,Locoal-Mendon,56,2022,Taux brut de natalité (pour mille),8.7
56120,Locqueltas,56,2022,Taux brut de natalité (pour mille),8.7
56121,Lorient,56,2022,Taux brut de natalité (pour mille),8.7
56122,Loyat,56,2022,Taux brut de natalité (pour mille),8.7
56123,Malansac,56,2022,Taux brut de natalité (pour mille),8.7
56124,Malestroit,56,2022,Taux brut de natalité (pour mille),8.7
56125,Malguénac,56,2022,Taux brut de natalité (pour mille),8.7
56126,Marzan,56,2022,Taux brut de natalité (pour mille),8.7
56127,Mauron,56,2022,Taux brut de natalité (pour mille),8.7
56128,Melrand,56,2022,Taux brut de natalité (pour mille),8.7
56129,Ménéac,56,2022,Taux brut de natalité (pour mille),8.7
56130,Merlevenez,56,2022,Taux brut de natalité (pour mille),8.7
56131,Meslan,56,2022,Taux brut de natalité (pour mille),8.7
56132,Meucon,56,2022,Taux brut de natalité (pour mille),8.7
56133,Missiriac,56,2022,Taux brut de natalité (pour mille),8.7
56134,Mohon,56,2022,Taux brut de natalité (pour mille),8.7
56135,Molac,56,2022,Taux brut de natalité (pour mille),8.7
56136,Monteneuf,56,2022,Taux brut de natalité (pour mille),8.7
56137,Monterblanc,56,2022,Taux brut de natalité (pour mille),8.7
56139,Montertelot,56,2022,Taux brut de natalité (pour mille),8.7
56140,Moréac,56,2022,Taux brut de natalité (pour mille),8.7
56141,Moustoir-Ac,56,2022,Taux brut de natalité (pour mille),8.7
56143,Muzillac,56,2022,Taux brut de natalité (pour mille),8.7
56144,Évellys,56,2022,Taux brut de natalité (pour mille),8.7
56145,Néant-sur-Yvel,56,2022,Taux brut de natalité (pour mille),8.7
56146,Neulliac,56,2022,Taux brut de natalité (pour mille),8.7
56147,Nivillac,56,2022,Taux brut de natalité (pour mille),8.7
56148,Nostang,56,2022,Taux brut de natalité (pour mille),8.7
56149,Noyal-Muzillac,56,2022,Taux brut de natalité (pour mille),8.7
56151,Noyal-Pontivy,56,2022,Taux brut de natalité (pour mille),8.7
56152,Le Palais,56,2022,Taux brut de natalité (pour mille),8.7
56153,Péaule,56,2022,Taux brut de natalité (pour mille),8.7
56154,Peillac,56,2022,Taux brut de natalité (pour mille),8.7
56155,Pénestin,56,2022,Taux brut de natalité (pour mille),8.7
56156,Persquen,56,2022,Taux brut de natalité (pour mille),8.7
56157,Plaudren,56,2022,Taux brut de natalité (pour mille),8.7
56158,Plescop,56,2022,Taux brut de natalité (pour mille),8.7
56159,Pleucadeuc,56,2022,Taux brut de natalité (pour mille),8.7
56160,Pleugriffet,56,2022,Taux brut de natalité (pour mille),8.7
56161,Ploemel,56,2022,Taux brut de natalité (pour mille),8.7
56162,Ploemeur,56,2022,Taux brut de natalité (pour mille),8.7
56163,Ploërdut,56,2022,Taux brut de natalité (pour mille),8.7
56164,Ploeren,56,2022,Taux brut de natalité (pour mille),8.7
56165,Ploërmel,56,2022,Taux brut de natalité (pour mille),8.7
56166,Plouay,56,2022,Taux brut de natalité (pour mille),8.7
56167,Plougoumelen,56,2022,Taux brut de natalité (pour mille),8.7
56168,Plouharnel,56,2022,Taux brut de natalité (pour mille),8.7
56169,Plouhinec,56,2022,Taux brut de natalité (pour mille),8.7
56170,Plouray,56,2022,Taux brut de natalité (pour mille),8.7
56171,Pluherlin,56,2022,Taux brut de natalité (pour mille),8.7
56172,Plumelec,56,2022,Taux brut de natalité (pour mille),8.7
56173,Pluméliau-Bieuzy,56,2022,Taux brut de natalité (pour mille),8.7
56174,Plumelin,56,2022,Taux brut de natalité (pour mille),8.7
56175,Plumergat,56,2022,Taux brut de natalité (pour mille),8.7
56176,Pluneret,56,2022,Taux brut de natalité (pour mille),8.7
56177,Pluvigner,56,2022,Taux brut de natalité (pour mille),8.7
56178,Pontivy,56,2022,Taux brut de natalité (pour mille),8.7
56179,Pont-Scorff,56,2022,Taux brut de natalité (pour mille),8.7
56180,Porcaro,56,2022,Taux brut de natalité (pour mille),8.7
56181,Port-Louis,56,2022,Taux brut de natalité (pour mille),8.7
56182,Priziac,56,2022,Taux brut de natalité (pour mille),8.7
56184,Questembert,56,2022,Taux brut de natalité (pour mille),8.7
56185,Quéven,56,2022,Taux brut de natalité (pour mille),8.7
56186,Quiberon,56,2022,Taux brut de natalité (pour mille),8.7
56188,Quistinic,56,2022,Taux brut de natalité (pour mille),8.7
56189,Radenac,56,2022,Taux brut de natalité (pour mille),8.7
56190,Réguiny,56,2022,Taux brut de natalité (pour mille),8.7
56191,Réminiac,56,2022,Taux brut de natalité (pour mille),8.7
56193,Riantec,56,2022,Taux brut de natalité (pour mille),8.7
56194,Rieux,56,2022,Taux brut de natalité (pour mille),8.7
56195,La Roche-Bernard,56,2022,Taux brut de natalité (pour mille),8.7
56196,Rochefort-en-Terre,56,2022,Taux brut de natalité (pour mille),8.7
56197,Val d'Oust,56,2022,Taux brut de natalité (pour mille),8.7
56198,Rohan,56,2022,Taux brut de natalité (pour mille),8.7
56199,Roudouallec,56,2022,Taux brut de natalité (pour mille),8.7
56200,Ruffiac,56,2022,Taux brut de natalité (pour mille),8.7
56201,Le Saint,56,2022,Taux brut de natalité (pour mille),8.7
56202,Saint-Abraham,56,2022,Taux brut de natalité (pour mille),8.7
56203,Saint-Aignan,56,2022,Taux brut de natalité (pour mille),8.7
56204,Saint-Allouestre,56,2022,Taux brut de natalité (pour mille),8.7
56205,Saint-Armel,56,2022,Taux brut de natalité (pour mille),8.7
56206,Saint-Avé,56,2022,Taux brut de natalité (pour mille),8.7
56207,Saint-Barthélemy,56,2022,Taux brut de natalité (pour mille),8.7
56208,Saint-Brieuc-de-Mauron,56,2022,Taux brut de natalité (pour mille),8.7
56209,Sainte-Brigitte,56,2022,Taux brut de natalité (pour mille),8.7
56210,Saint-Caradec-Trégomel,56,2022,Taux brut de natalité (pour mille),8.7
56211,Saint-Congard,56,2022,Taux brut de natalité (pour mille),8.7
56212,Saint-Dolay,56,2022,Taux brut de natalité (pour mille),8.7
56213,Saint-Gérand-Croixanvec,56,2022,Taux brut de natalité (pour mille),8.7
56214,Saint-Gildas-de-Rhuys,56,2022,Taux brut de natalité (pour mille),8.7
56215,Saint-Gonnery,56,2022,Taux brut de natalité (pour mille),8.7
56216,Saint-Gorgon,56,2022,Taux brut de natalité (pour mille),8.7
56218,Saint-Gravé,56,2022,Taux brut de natalité (pour mille),8.7
56219,Saint-Guyomard,56,2022,Taux brut de natalité (pour mille),8.7
56220,Sainte-Hélène,56,2022,Taux brut de natalité (pour mille),8.7
56221,Saint-Jacut-les-Pins,56,2022,Taux brut de natalité (pour mille),8.7
56222,Saint-Jean-Brévelay,56,2022,Taux brut de natalité (pour mille),8.7
56223,Saint-Jean-la-Poterie,56,2022,Taux brut de natalité (pour mille),8.7
56224,Saint-Laurent-sur-Oust,56,2022,Taux brut de natalité (pour mille),8.7
56225,Saint-Léry,56,2022,Taux brut de natalité (pour mille),8.7
56226,Saint-Malo-de-Beignon,56,2022,Taux brut de natalité (pour mille),8.7
56227,Saint-Malo-des-Trois-Fontaines,56,2022,Taux brut de natalité (pour mille),8.7
56228,Saint-Marcel,56,2022,Taux brut de natalité (pour mille),8.7
56229,Saint-Martin-sur-Oust,56,2022,Taux brut de natalité (pour mille),8.7
56230,Saint-Nicolas-du-Tertre,56,2022,Taux brut de natalité (pour mille),8.7
56231,Saint-Nolff,56,2022,Taux brut de natalité (pour mille),8.7
56232,Saint-Perreux,56,2022,Taux brut de natalité (pour mille),8.7
56233,Saint-Philibert,56,2022,Taux brut de natalité (pour mille),8.7
56234,Saint-Pierre-Quiberon,56,2022,Taux brut de natalité (pour mille),8.7
56236,Saint-Servant,56,2022,Taux brut de natalité (pour mille),8.7
56237,Saint-Thuriau,56,2022,Taux brut de natalité (pour mille),8.7
56238,Saint-Tugdual,56,2022,Taux brut de natalité (pour mille),8.7
56239,Saint-Vincent-sur-Oust,56,2022,Taux brut de natalité (pour mille),8.7
56240,Sarzeau,56,2022,Taux brut de natalité (pour mille),8.7
56241,Sauzon,56,2022,Taux brut de natalité (pour mille),8.7
56242,Séglien,56,2022,Taux brut de natalité (pour mille),8.7
56243,Séné,56,2022,Taux brut de natalité (pour mille),8.7
56244,Sérent,56,2022,Taux brut de natalité (pour mille),8.7
56245,Silfiac,56,2022,Taux brut de natalité (pour mille),8.7
56246,Le Sourn,56,2022,Taux brut de natalité (pour mille),8.7
56247,Sulniac,56,2022,Taux brut de natalité (pour mille),8.7
56248,Surzur,56,2022,Taux brut de natalité (pour mille),8.7
56249,Taupont,56,2022,Taux brut de natalité (pour mille),8.7
56250,Théhillac,56,2022,Taux brut de natalité (pour mille),8.7
56251,Theix-Noyalo,56,2022,Taux brut de natalité (pour mille),8.7
56252,Le Tour-du-Parc,56,2022,Taux brut de natalité (pour mille),8.7
56253,Tréal,56,2022,Taux brut de natalité (pour mille),8.7
56254,Trédion,56,2022,Taux brut de natalité (pour mille),8.7
56255,Treffléan,56,2022,Taux brut de natalité (pour mille),8.7
56256,Tréhorenteuc,56,2022,Taux brut de natalité (pour mille),8.7
56257,La Trinité-Porhoët,56,2022,Taux brut de natalité (pour mille),8.7
56258,La Trinité-sur-Mer,56,2022,Taux brut de natalité (pour mille),8.7
56259,La Trinité-Surzur,56,2022,Taux brut de natalité (pour mille),8.7
56260,Vannes,56,2022,Taux brut de natalité (pour mille),8.7
56261,La Vraie-Croix,56,2022,Taux brut de natalité (pour mille),8.7
56262,Le Bono,56,2022,Taux brut de natalité (pour mille),8.7
56263,Sainte-Anne-d'Auray,56,2022,Taux brut de natalité (pour mille),8.7
56264,Kernascléden,56,2022,Taux brut de natalité (pour mille),8.7
