Code département;LIBGEO;Score_Gauche;Score_Droite;Score_Divers
22;Allineuc;20.46;78.68;0.86
22;Andel;25.53;73.47;1.0
22;Aucaleuc;29.51;70.49;0.0
22;Bégard;31.76;68.24;0.0
22;Belle-Isle-en-Terre;36.75;63.24;0.01
22;Berhet;31.07;68.94;0.0
22;Bobital;24.43;75.57;0.0
22;Le Bodéo;20.43;79.57;0.0
22;Boqueho;34.34;65.66;0.0
22;La Bouillie;19.32;80.69;0.0
22;Bourbriac;32.27;67.73;0.0
22;Bourseul;21.62;78.39;0.0
22;Bréhand;19.34;80.36;0.3
22;Ile-de-Bréhat;26.89;73.11;0.0
22;Brélidy;38.65;61.35;0.0
22;Bringolo;35.22;64.78;0.0
22;Broons;18.1;81.89;0.01
22;Brusvily;27.87;72.12;0.01
22;Bulat-Pestivien;34.45;65.54;0.01
22;Calanhel;21.47;78.52;0.01
22;Callac;31.38;68.62;0.0
22;Calorguen;34.56;65.45;0.0
22;Le Cambout;16.03;83.96;0.01
22;Camlez;25.15;74.85;0.0
22;Canihuel;20.29;79.71;0.0
22;Caouënnec-Lanvézéac;31.77;68.23;0.0
22;Carnoët;35.59;64.41;0.0
22;Caulnes;19.56;80.43;0.01
22;Caurel;26.03;73.51;0.46
22;Cavan;36.68;63.32;0.0
22;Les Champs-Géraux;29.33;70.68;0.0
22;La Chapelle-Blanche;24.42;75.57;0.01
22;La Chapelle-Neuve;28.64;71.37;0.0
22;La Chèze;20.73;77.82;1.45
22;Coadout;34.71;65.29;0.0
22;Coatascorn;36.69;63.31;0.0
22;Coatréven;30.21;69.79;0.0
22;Coëtlogon;22.04;77.96;0.0
22;Coëtmieux;21.83;77.44;0.73
22;Cohiniac;25.98;74.02;0.0
22;Le Mené;20.83;78.69;0.48
22;Corlay;26.19;73.09;0.72
22;Corseul;27.82;72.18;0.0
22;Créhen;17.39;82.6;0.01
22;Dinan;32.79;67.22;0.0
22;Duault;25.51;74.49;0.0
22;Eréac;14.53;85.45;0.02
22;Erquy;23.31;76.69;0.0
22;Binic-Etables-sur-Mer;31.36;68.64;0.0
22;Evran;32.21;67.79;0.0
22;Le Faouët;36.84;63.15;0.01
22;Le Foeil;23.95;75.93;0.12
22;Gausson;17.08;81.82;1.1
22;Glomel;36.24;63.76;0.0
22;Gomené;25.33;74.34;0.33
22;Gommenec'h;29.88;70.13;0.0
22;Gouarec;27.05;72.95;0.0
22;Goudelin;25.15;74.85;0.0
22;Grâces;32.35;67.65;0.0
22;Grâce-Uzel;19.49;80.09;0.42
22;Guenroc;30.07;69.92;0.01
22;Guingamp;38.27;61.73;0.0
22;Guitté;24.8;75.2;0.0
22;Gurunhuel;28.09;71.91;0.0
22;La Harmoye;31.98;66.67;1.35
22;Le Haut-Corlay;19.15;80.32;0.53
22;Hémonstoir;15.65;84.07;0.28
22;Hénanbihen;15.49;84.51;0.0
22;Hénansal;22.49;77.51;0.0
22;Hénon;24.98;74.38;0.64
22;Hillion;27.59;72.4;0.01
22;Le Hinglé;25.0;74.99;0.01
22;Illifaut;20.52;78.41;1.07
22;Jugon-les-Lacs;29.75;69.0;1.25
22;Kerbors;30.6;69.4;0.0
22;Kerfot;24.42;75.58;0.0
22;Kergrist-Moëlou;35.17;64.83;0.0
22;Kerien;24.46;75.54;0.0
22;Kermaria-Sulard;33.38;66.62;0.0
22;Kermoroc'h;32.63;67.36;0.01
22;Kerpert;29.22;70.78;0.0
22;Lamballe-Armor;28.84;70.59;0.57
22;Lancieux;26.27;73.73;0.0
22;Landebaëron;37.5;62.5;0.0
22;Landébia;19.49;80.51;0.0
22;La Landec;26.77;73.24;0.0
22;Landéhen;22.66;76.24;1.1
22;Lanfains;28.24;71.23;0.53
22;Langoat;32.18;67.82;0.0
22;Langrolay-sur-Rance;38.74;61.27;0.0
22;Languédias;48.28;51.71;0.01
22;Languenan;20.76;79.23;0.01
22;Langueux;30.23;69.77;0.0
22;Bon Repos sur Blavet;34.06;65.94;0.0
22;Lanleff;39.75;60.25;0.0
22;Lanloup;34.9;65.1;0.0
22;Lanmérin;29.97;70.03;0.0
22;Lanmodez;28.67;71.33;0.0
22;Lannebert;25.38;74.61;0.01
22;Lannion;42.95;57.06;0.0
22;Lanrelas;18.59;81.4;0.01
22;Lanrivain;32.34;67.66;0.0
22;Lanrodec;26.39;73.61;0.0
22;Lantic;30.51;69.49;0.0
22;Lanvallay;29.58;70.42;0.0
22;Lanvellec;43.6;56.4;0.0
22;Lanvollon;25.26;74.75;0.0
22;Laurenan;26.55;71.91;1.54
22;Lescouët-Gouarec;51.32;48.67;0.01
22;Le Leslay;26.44;73.56;0.0
22;Lézardrieux;25.59;74.41;0.0
22;Locarn;28.71;71.29;0.0
22;Loc-Envel;58.93;41.07;0.0
22;Loguivy-Plougras;30.61;69.39;0.0
22;Lohuec;13.85;86.16;0.0
22;Loscouët-sur-Meu;17.95;81.49;0.56
22;Louannec;31.52;68.48;0.0
22;Louargat;35.41;64.59;0.0
22;Loudéac;23.67;75.91;0.42
22;Maël-Carhaix;30.99;69.0;0.01
22;Maël-Pestivien;40.66;59.35;0.0
22;Magoar;25.0;75.0;0.0
22;La Malhoure;17.53;81.17;1.3
22;Mantallot;31.79;68.21;0.0
22;Matignon;25.39;74.62;0.0
22;La Méaugon;31.86;68.14;0.0
22;Mégrit;25.63;74.38;0.0
22;Mellionnec;66.91;33.09;0.0
22;Merdrignac;17.93;81.42;0.65
22;Mérillac;22.87;77.12;0.01
22;Merléac;36.96;61.21;1.83
22;Le Merzer;30.0;70.0;0.0
22;Minihy-Tréguier;26.99;73.01;0.0
22;Moncontour;42.25;56.97;0.78
22;La Motte;18.14;81.4;0.46
22;Moustéru;31.19;68.82;0.0
22;Le Moustoir;26.47;73.53;0.0
22;Guerlédan;26.04;73.26;0.7
22;Noyal;34.59;64.69;0.72
22;Pabu;34.08;65.93;0.0
22;Paimpol;30.16;69.84;0.0
22;Paule;29.71;70.28;0.01
22;Pédernec;33.02;66.98;0.0
22;Penguily;20.33;78.71;0.96
22;Penvénan;30.57;69.44;0.0
22;Perros-Guirec;27.64;72.36;0.0
22;Peumerit-Quintin;51.06;48.93;0.01
22;Plaine-Haute;24.75;74.81;0.44
22;Plaintel;26.86;72.41;0.73
22;Plancoët;18.29;81.7;0.01
22;Pléboulle;21.3;78.69;0.01
22;Plédéliac;26.61;72.95;0.44
22;Plédran;28.5;71.5;0.0
22;Pléguien;32.36;67.64;0.0
22;Pléhédel;29.55;70.45;0.0
22;Fréhel;29.46;70.55;0.0
22;Plélan-le-Petit;25.64;74.35;0.01
22;Plélauff;33.5;66.5;0.0
22;Plélo;26.96;73.04;0.0
22;Plémet;17.73;81.78;0.49
22;Plémy;19.97;79.34;0.69
22;Plénée-Jugon;29.29;69.92;0.79
22;Pléneuf-Val-André;24.09;75.91;0.0
22;Plérin;33.82;66.17;0.01
22;Plerneuf;24.7;75.3;0.0
22;Plésidy;27.76;72.24;0.0
22;Pleslin-Trigavou;26.72;73.28;0.0
22;Plestan;22.65;76.63;0.72
22;Plestin-les-Grèves;39.87;60.14;0.0
22;Pleubian;24.34;75.66;0.0
22;Pleudaniel;28.41;71.59;0.0
22;Pleudihen-sur-Rance;29.61;70.38;0.01
22;Pleumeur-Bodou;40.43;59.57;0.0
22;Pleumeur-Gautier;20.82;79.18;0.0
22;Pléven;25.94;74.07;0.0
22;Plévenon;29.37;70.63;0.0
22;Plévin;28.42;71.58;0.0
22;Ploeuc-L'Hermitage;24.21;74.77;1.02
22;Ploëzal;30.24;69.76;0.0
22;Plorec-sur-Arguenon;19.19;80.82;0.0
22;Châtelaudren-Plouagat;31.65;68.33;0.02
22;Plouaret;35.68;64.32;0.0
22;Plouasne;29.13;70.86;0.01
22;Beaussais-sur-Mer;21.99;78.01;0.0
22;Ploubazlanec;28.41;71.58;0.01
22;Ploubezre;38.12;61.88;0.0
22;Plouëc-du-Trieux;33.62;66.37;0.01
22;Plouër-sur-Rance;38.72;61.28;0.0
22;Plouézec;32.47;67.52;0.01
22;Ploufragan;35.22;64.77;0.01
22;Plougonver;31.0;69.01;0.0
22;Plougras;35.71;64.28;0.01
22;Plougrescant;36.06;63.95;0.0
22;Plouguenast-Langast;18.93;80.55;0.52
22;Plouguernével;29.58;70.41;0.01
22;Plouguiel;39.72;60.28;0.0
22;Plouha;33.4;66.6;0.0
22;Plouisy;33.62;66.38;0.0
22;Ploulec'h;39.98;60.02;0.0
22;Ploumagoar;33.91;66.08;0.01
22;Ploumilliau;34.21;65.79;0.0
22;Plounérin;29.85;70.15;0.0
22;Plounévez-Moëdec;35.31;64.69;0.0
22;Plounévez-Quintin;34.44;65.56;0.0
22;Plourac'h;25.85;74.15;0.0
22;Plourhan;30.54;69.46;0.0
22;Plourivo;25.44;74.56;0.0
22;Plouvara;24.62;75.38;0.0
22;Plouzélambre;27.86;72.15;0.0
22;Pludual;28.54;71.47;0.0
22;Pluduno;19.12;80.88;0.0
22;Plufur;41.57;58.44;0.0
22;Plumaudan;28.5;71.5;0.0
22;Plumaugat;20.16;79.84;0.0
22;Plumieux;10.63;88.87;0.5
22;Plurien;25.05;74.95;0.0
22;Plusquellec;30.67;69.33;0.0
22;Plussulien;27.14;72.49;0.37
22;Pluzunet;33.8;66.21;0.0
22;Pommeret;23.22;76.44;0.34
22;Pommerit-le-Vicomte;31.92;68.07;0.01
22;Pont-Melvez;23.01;77.0;0.0
22;Pontrieux;34.6;65.4;0.0
22;Pordic;32.39;67.63;0.0
22;Prat;31.43;68.58;0.0
22;La Prénessaye;18.55;80.76;0.69
22;Quemper-Guézennec;27.2;72.8;0.0
22;Quemperven;30.33;69.67;0.0
22;Quessoy;23.17;76.15;0.68
22;Quévert;28.93;71.08;0.0
22;Le Quillio;17.06;82.24;0.7
22;Quintenic;19.0;80.5;0.5
22;Quintin;28.34;71.17;0.49
22;Le Quiou;31.07;68.94;0.0
22;La Roche-Jaudy;34.12;65.88;0.0
22;Rospez;33.49;66.5;0.01
22;Rostrenen;39.25;60.75;0.0
22;Rouillac;20.11;79.9;0.0
22;Ruca;29.36;70.63;0.01
22;Runan;22.79;77.21;0.0
22;Saint-Adrien;31.05;68.94;0.01
22;Saint-Agathon;29.12;70.89;0.0
22;Saint-Alban;22.73;77.28;0.0
22;Saint-André-des-Eaux;42.59;57.41;0.0
22;Saint-Barnabé;18.34;80.78;0.88
22;Saint-Bihy;30.5;67.37;2.13
22;Saint-Brandan;23.91;75.8;0.29
22;Saint-Brieuc;43.71;56.29;0.0
22;Saint-Caradec;21.95;77.53;0.52
22;Saint-Carné;28.07;71.92;0.01
22;Saint-Carreuc;26.08;72.73;1.19
22;Saint-Cast-le-Guildo;22.14;77.87;0.0
22;Saint-Clet;43.47;56.54;0.0
22;Saint-Connan;26.12;73.88;0.0
22;Saint-Connec;26.46;72.26;1.28
22;Saint-Denoual;16.99;83.02;0.0
22;Saint-Donan;32.87;67.13;0.0
22;Saint-Etienne-du-Gué-de-l'Isle;13.3;86.7;0.0
22;Saint-Fiacre;25.87;74.14;0.0
22;Saint-Gildas;25.7;74.3;0.0
22;Saint-Gilles-les-Bois;30.64;69.36;0.0
22;Saint-Gilles-Pligeaux;19.34;80.66;0.0
22;Saint-Gilles-Vieux-Marché;23.0;76.0;1.0
22;Saint-Glen;21.99;76.99;1.02
22;Saint-Hélen;29.73;70.26;0.01
22;Saint-Hervé;18.98;80.56;0.46
22;Saint-Jacut-de-la-Mer;29.27;70.73;0.0
22;Saint-Jean-Kerdaniel;34.29;65.71;0.0
22;Saint-Jouan-de-l'Isle;14.4;85.59;0.01
22;Saint-Judoce;26.54;73.45;0.01
22;Saint-Julien;26.95;73.03;0.02
22;Saint-Juvat;32.58;67.42;0.0
22;Saint-Launeuc;15.84;84.15;0.01
22;Saint-Laurent;41.58;58.42;0.0
22;Saint-Lormel;22.44;77.57;0.0
22;Saint-Maden;30.28;69.72;0.0
22;Saint-Martin-des-Prés;21.36;78.15;0.49
22;Saint-Maudan;16.74;81.89;1.37
22;Saint-Maudez;27.6;72.38;0.02
22;Saint-Mayeux;27.63;71.21;1.16
22;Saint-Méloir-des-Bois;23.45;76.54;0.01
22;Saint-Michel-de-Plélan;28.57;71.43;0.0
22;Saint-Michel-en-Grève;39.8;60.2;0.0
22;Saint-Nicodème;49.47;50.52;0.01
22;Saint-Nicolas-du-Pélem;26.29;73.72;0.0
22;Saint-Péver;18.7;81.3;0.0
22;Saint-Pôtan;25.83;74.16;0.01
22;Saint-Quay-Perros;30.53;69.46;0.01
22;Saint-Quay-Portrieux;24.5;75.49;0.01
22;Saint-Rieul;21.91;77.74;0.35
22;Saint-Samson-sur-Rance;28.31;71.7;0.0
22;Saint-Servais;39.73;60.27;0.0
22;Saint-Thélo;19.65;79.47;0.88
22;Sainte-Tréphine;22.99;77.01;0.0
22;Saint-Trimoël;20.2;78.79;1.01
22;Saint-Vran;22.55;76.98;0.47
22;Saint-Igeaux;25.37;74.62;0.01
22;Senven-Léhart;14.78;85.22;0.0
22;Sévignac;19.93;80.07;0.0
22;Squiffiec;32.72;67.28;0.0
22;Taden;30.66;69.34;0.0
22;Tonquédec;35.92;64.08;0.0
22;Tramain;19.9;79.6;0.5
22;Trébédan;25.44;74.57;0.0
22;Trébeurden;36.01;63.99;0.0
22;Trébrivan;37.21;62.78;0.01
22;Trébry;25.73;73.64;0.63
22;Trédaniel;21.47;77.77;0.76
22;Trédarzec;34.62;65.38;0.0
22;Trédias;27.18;72.82;0.0
22;Trédrez-Locquémeau;45.95;54.06;0.0
22;Tréduder;46.54;53.46;0.0
22;Treffrin;33.44;66.56;0.0
22;Tréfumel;21.68;78.31;0.01
22;Trégastel;31.15;68.84;0.01
22;Tréglamus;32.43;67.56;0.01
22;Trégomeur;27.99;72.01;0.0
22;Trégonneau;34.41;65.6;0.0
22;Trégrom;37.0;62.99;0.01
22;Trégueux;31.75;68.25;0.0
22;Tréguidel;29.53;70.46;0.01
22;Tréguier;36.02;63.98;0.0
22;Trélévern;36.12;63.87;0.01
22;Trélivan;25.35;74.65;0.0
22;Trémargat;87.4;12.6;0.0
22;Trémel;31.83;68.17;0.0
22;Tréméreuc;28.93;71.07;0.0
22;Trémeur;29.98;70.01;0.01
22;Tréméven;29.95;70.05;0.0
22;Trémorel;11.27;87.94;0.79
22;Trémuson;29.97;70.03;0.0
22;Tréogan;36.73;63.27;0.0
22;Tressignaux;35.28;64.72;0.0
22;Trévé;17.72;81.34;0.94
22;Tréveneuc;27.7;72.29;0.01
22;Trévérec;33.33;66.67;0.0
22;Trévou-Tréguignec;39.59;60.41;0.0
22;Trévron;27.99;72.01;0.0
22;Trézény;30.92;69.08;0.0
22;Troguéry;35.83;64.18;0.0
22;Uzel;23.53;75.46;1.01
22;La Vicomté-sur-Rance;35.97;64.03;0.0
22;Le Vieux-Bourg;19.3;79.94;0.76
22;Le Vieux-Marché;41.52;58.47;0.01
22;Vildé-Guingalan;24.65;75.34;0.01
22;Yffiniac;27.47;72.52;0.01
22;Yvias;27.78;72.22;0.0
22;Yvignac-la-Tour;26.43;73.57;0.0
29;Argol;34.89;65.11;0.0
29;Arzano;38.61;61.39;0.0
29;Audierne;27.94;72.07;0.0
29;Bannalec;43.15;56.86;0.0
29;Baye;41.33;58.67;0.0
29;Bénodet;18.88;81.12;0.0
29;Berrien;60.13;39.85;0.02
29;Beuzec-Cap-Sizun;26.2;73.81;0.0
29;Bodilis;16.91;83.1;0.0
29;Bohars;27.02;72.99;0.0
29;Bolazec;54.43;45.57;0.0
29;Botmeur;64.35;35.65;0.0
29;Botsorhel;32.95;67.04;0.01
29;Bourg-Blanc;23.95;75.95;0.1
29;Brasparts;42.04;57.95;0.01
29;Brélès;21.11;78.88;0.01
29;Brennilis;44.81;55.19;0.0
29;Brest;40.9;58.9;0.2
29;Briec;33.14;66.86;0.0
29;Plounéour-Brignogan-plages;27.33;72.67;0.0
29;Camaret-sur-Mer;33.8;66.2;0.0
29;Carantec;24.85;75.16;0.0
29;Carhaix-Plouguer;44.56;55.46;0.0
29;Cast;35.36;64.63;0.01
29;Châteaulin;36.77;63.23;0.0
29;Châteauneuf-du-Faou;32.17;67.84;0.0
29;Cléden-Cap-Sizun;26.22;73.78;0.0
29;Cléden-Poher;35.03;64.97;0.0
29;Cléder;21.95;78.04;0.01
29;Clohars-Carnoët;40.55;59.46;0.0
29;Clohars-Fouesnant;25.7;74.3;0.0
29;Le Cloître-Pleyben;37.32;62.68;0.0
29;Le Cloître-Saint-Thégonnec;41.49;58.51;0.0
29;Coat-Méal;18.89;80.76;0.35
29;Collorec;40.53;59.47;0.0
29;Combrit;29.5;70.5;0.0
29;Commana;41.87;58.13;0.0
29;Concarneau;38.41;61.59;0.0
29;Le Conquet;22.0;77.73;0.27
29;Coray;34.11;65.88;0.01
29;Crozon;37.23;62.78;0.0
29;Daoulas;54.7;45.3;0.0
29;Dinéault;38.07;61.94;0.0
29;Dirinon;29.49;70.52;0.0
29;Douarnenez;42.89;57.12;0.0
29;Le Drennec;19.29;79.84;0.87
29;Edern;31.57;68.43;0.0
29;Elliant;41.76;58.24;0.0
29;Ergué-Gabéric;32.51;67.49;0.0
29;Le Faou;46.49;53.51;0.0
29;La Feuillée;61.77;38.23;0.0
29;Le Folgoët;22.6;77.41;0.0
29;La Forest-Landerneau;31.61;68.4;0.0
29;La Forêt-Fouesnant;22.68;77.32;0.0
29;Fouesnant;27.09;72.92;0.0
29;Garlan;38.06;61.94;0.0
29;Gouesnach;29.32;70.68;0.0
29;Gouesnou;27.68;72.32;0.0
29;Gouézec;37.79;62.22;0.0
29;Goulien;24.04;75.97;0.0
29;Goulven;21.75;78.24;0.01
29;Gourlizon;29.66;70.33;0.01
29;Guengat;28.08;71.9;0.02
29;Guerlesquin;26.61;73.39;0.0
29;Guiclan;24.56;75.43;0.01
29;Guilers;27.78;72.21;0.01
29;Guiler-sur-Goyen;31.19;68.81;0.0
29;Guilligomarc'h;40.49;59.51;0.0
29;Guilvinec;27.96;72.05;0.0
29;Guimaëc;47.62;52.39;0.0
29;Guimiliau;26.52;73.48;0.0
29;Guipavas;29.17;70.82;0.01
29;Milizac-Guipronvel;21.57;78.16;0.27
29;Guissény;24.53;75.48;0.0
29;Hanvec;48.43;51.57;0.0
29;Henvic;28.55;71.45;0.0
29;Hôpital-Camfrout;50.11;49.9;0.0
29;Huelgoat;52.44;47.56;0.0
29;Ile-de-Batz;28.57;71.42;0.01
29;Ile-de-Sein;30.05;69.95;0.0
29;Ile-Molène;20.0;79.36;0.64
29;Ile-Tudy;31.6;68.4;0.0
29;Irvillac;46.16;53.85;0.0
29;Le Juch;31.77;68.25;0.0
29;Kergloff;34.86;65.13;0.01
29;Kerlaz;39.54;60.45;0.01
29;Kerlouan;22.02;77.99;0.0
29;Kernilis;20.95;78.75;0.3
29;Kernouës;21.58;78.42;0.0
29;Kersaint-Plabennec;21.79;77.96;0.25
29;Lampaul-Guimiliau;24.46;75.54;0.0
29;Lampaul-Plouarzel;31.86;67.94;0.2
29;Lampaul-Ploudalmézeau;27.49;72.13;0.38
29;Lanarvily;27.38;72.61;0.01
29;Landéda;33.43;66.57;0.0
29;Landeleau;38.06;61.94;0.0
29;Landerneau;33.1;66.91;0.0
29;Landévennec;38.26;61.74;0.0
29;Landivisiau;22.54;77.46;0.0
29;Landrévarzec;30.63;69.37;0.0
29;Landudal;30.77;69.23;0.0
29;Landudec;24.63;75.36;0.01
29;Landunvez;24.59;75.05;0.36
29;Langolen;35.0;65.0;0.0
29;Lanhouarneau;18.11;81.89;0.0
29;Lanildut;24.21;75.65;0.14
29;Lanmeur;36.11;63.89;0.0
29;Lannéanou;32.96;67.04;0.0
29;Lannédern;42.47;57.53;0.0
29;Lanneuffret;25.35;74.65;0.0
29;Lannilis;26.87;73.12;0.01
29;Lanrivoaré;21.72;78.16;0.12
29;Lanvéoc;33.47;66.53;0.0
29;Laz;38.57;61.41;0.02
29;Lennon;34.18;65.82;0.0
29;Lesneven;27.24;72.75;0.01
29;Leuhan;36.85;63.14;0.01
29;Loc-Brévalaire;22.46;76.8;0.74
29;Loc-Eguiner;14.28;85.72;0.0
29;Locmaria-Plouzané;29.09;70.57;0.34
29;Locmélar;29.03;70.96;0.01
29;Locquénolé;39.47;60.52;0.01
29;Locquirec;32.46;67.55;0.0
29;Locronan;45.27;54.72;0.01
29;Loctudy;28.71;71.29;0.0
29;Locunolé;33.66;66.34;0.0
29;Logonna-Daoulas;53.24;46.75;0.01
29;Lopérec;45.53;54.47;0.0
29;Loperhet;44.29;55.71;0.0
29;Loqueffret;44.96;55.05;0.0
29;Lothey;37.03;62.96;0.01
29;Mahalon;26.14;73.86;0.0
29;La Martyre;32.49;67.5;0.01
29;Confort-Meilars;30.46;69.54;0.0
29;Melgven;35.59;64.42;0.0
29;Mellac;44.64;55.35;0.01
29;Mespaul;21.09;78.91;0.0
29;Moëlan-sur-Mer;44.91;55.09;0.0
29;Morlaix;44.79;55.2;0.01
29;Motreff;39.86;60.15;0.0
29;Névez;35.36;64.65;0.0
29;Ouessant;43.02;56.97;0.01
29;Pencran;28.75;71.25;0.0
29;Penmarch;31.43;68.57;0.0
29;Peumerit;40.03;59.97;0.0
29;Plabennec;25.94;73.46;0.6
29;Pleuven;30.18;69.82;0.0
29;Pleyben;32.51;67.48;0.01
29;Pleyber-Christ;35.98;64.02;0.0
29;Plobannalec-Lesconil;33.87;66.12;0.01
29;Ploéven;34.11;65.9;0.0
29;Plogastel-Saint-Germain;29.56;70.43;0.01
29;Plogoff;26.19;73.82;0.0
29;Plogonnec;30.64;69.36;0.0
29;Plomelin;34.82;65.18;0.0
29;Plomeur;27.4;72.61;0.0
29;Plomodiern;34.49;65.51;0.0
29;Plonéis;26.81;73.19;0.0
29;Plonéour-Lanvern;33.79;66.21;0.0
29;Plonévez-du-Faou;41.17;58.82;0.01
29;Plonévez-Porzay;32.39;67.61;0.0
29;Plouarzel;22.36;77.12;0.52
29;Ploudalmézeau;21.23;78.25;0.52
29;Ploudaniel;23.2;76.79;0.01
29;Ploudiry;28.86;71.14;0.0
29;Plouédern;27.7;72.31;0.0
29;Plouégat-Guérand;39.15;60.85;0.0
29;Plouégat-Moysan;27.36;72.64;0.0
29;Plouénan;26.0;74.0;0.0
29;Plouescat;23.06;76.94;0.0
29;Plouezoc'h;41.08;58.93;0.0
29;Plougar;20.66;79.35;0.0
29;Plougasnou;36.28;63.72;0.0
29;Plougastel-Daoulas;41.31;58.7;0.0
29;Plougonvelin;23.19;76.58;0.23
29;Plougonven;38.6;61.4;0.0
29;Plougoulm;25.35;74.65;0.0
29;Plougourvest;20.32;79.68;0.0
29;Plouguerneau;26.98;73.01;0.01
29;Plouguin;19.99;79.85;0.16
29;Plouhinec;29.16;70.84;0.0
29;Plouider;26.75;73.25;0.0
29;Plouigneau;31.73;68.29;0.0
29;Ploumoguer;22.08;77.42;0.5
29;Plounéour-Ménez;48.19;51.81;0.0
29;Plounéventer;23.3;76.69;0.01
29;Plounévézel;37.7;62.29;0.01
29;Plounévez-Lochrist;17.97;82.05;0.0
29;Plourin-lès-Morlaix;38.51;61.49;0.0
29;Plourin;20.67;78.49;0.84
29;Plouvien;21.74;78.03;0.23
29;Plouvorn;19.4;80.6;0.0
29;Plouyé;42.24;57.77;0.0
29;Plouzané;30.95;68.58;0.47
29;Plouzévédé;18.99;81.0;0.01
29;Plovan;40.39;59.62;0.0
29;Plozévet;36.99;63.01;0.0
29;Pluguffan;32.36;67.64;0.0
29;Pont-Aven;40.53;59.48;0.0
29;Pont-Croix;35.57;64.42;0.01
29;Pont-l'Abbé;34.34;65.67;0.0
29;Porspoder;26.38;73.3;0.32
29;Port-Launay;39.19;60.81;0.0
29;Pouldergat;23.6;76.4;0.0
29;Pouldreuzic;35.0;64.99;0.01
29;Poullan-sur-Mer;27.06;72.96;0.0
29;Poullaouen;42.67;57.34;0.0
29;Primelin;24.8;75.19;0.01
29;Quéménéven;35.67;64.34;0.0
29;Querrien;43.27;56.73;0.0
29;Quimper;39.93;60.07;0.0
29;Quimperlé;46.41;53.59;0.0
29;Rédené;38.02;61.97;0.01
29;Le Relecq-Kerhuon;39.79;60.22;0.0
29;Riec-sur-Bélon;51.69;48.32;0.0
29;La Roche-Maurice;35.06;64.95;0.0
29;Roscanvel;39.16;60.83;0.01
29;Roscoff;24.87;75.12;0.01
29;Rosnoën;41.24;58.77;0.0
29;Rosporden;41.89;58.11;0.0
29;Saint-Coulitz;43.57;56.43;0.0
29;Saint-Derrien;16.7;83.28;0.02
29;Saint-Divy;26.52;73.48;0.0
29;Saint-Eloy;48.85;51.14;0.01
29;Saint-Evarzec;28.39;71.61;0.0
29;Saint-Frégant;23.24;76.77;0.0
29;Saint-Goazec;34.29;65.72;0.0
29;Saint-Hernin;40.78;59.22;0.0
29;Saint-Jean-du-Doigt;46.31;53.69;0.0
29;Saint-Jean-Trolimon;35.41;64.59;0.0
29;Saint-Martin-des-Champs;36.63;63.38;0.0
29;Saint-Méen;24.7;75.3;0.0
29;Saint-Nic;34.52;65.48;0.0
29;Saint-Pabu;25.63;74.36;0.01
29;Saint-Pol-de-Léon;26.6;73.39;0.01
29;Saint-Renan;25.09;74.76;0.15
29;Saint-Rivoal;73.77;26.23;0.0
29;Saint-Sauveur;23.0;77.0;0.0
29;Saint-Ségal;39.74;60.25;0.01
29;Saint-Servais;17.49;82.51;0.0
29;Sainte-Sève;31.28;68.71;0.01
29;Saint-Thégonnec Loc-Eguiner;27.4;72.6;0.0
29;Saint-Thois;44.79;55.21;0.0
29;Saint-Thonan;26.53;73.46;0.01
29;Saint-Thurien;43.88;56.11;0.01
29;Saint-Urbain;45.66;54.34;0.0
29;Saint-Vougay;17.85;82.15;0.0
29;Saint-Yvi;40.24;59.78;0.0
29;Santec;30.05;69.95;0.0
29;Scaër;38.74;61.27;0.0
29;Scrignac;45.63;54.38;0.0
29;Sibiril;24.73;75.27;0.0
29;Sizun;33.82;66.18;0.0
29;Spézet;39.68;60.32;0.0
29;Taulé;29.31;70.68;0.01
29;Telgruc-sur-Mer;36.99;63.02;0.0
29;Tourch;40.4;59.61;0.0
29;Trébabu;21.52;78.06;0.42
29;Treffiagat;29.86;70.14;0.0
29;Tréflaouénan;24.1;75.9;0.0
29;Tréflévénez;37.66;62.35;0.0
29;Tréflez;20.59;79.41;0.0
29;Trégarantec;27.55;72.45;0.0
29;Trégarvan;56.25;43.75;0.0
29;Tréglonou;27.01;72.99;0.0
29;Trégourez;38.27;61.72;0.01
29;Tréguennec;44.03;55.96;0.01
29;Trégunc;38.68;61.32;0.0
29;Le Tréhou;31.15;68.84;0.01
29;Trémaouézan;30.45;69.56;0.0
29;Tréméoc;35.88;64.12;0.0
29;Tréméven;44.91;55.1;0.0
29;Tréogat;37.33;62.67;0.0
29;Tréouergat;27.48;71.99;0.53
29;Le Trévoux;46.02;53.99;0.0
29;Trézilidé;17.94;82.07;0.0
29;Pont-de-Buis-lès-Quimerch;43.62;56.39;0.0
35;Acigné;45.94;54.06;0.0
35;Amanlis;35.04;64.96;0.0
35;Andouillé-Neuville;30.49;69.51;0.0
35;Val-Couesnon;18.62;81.37;0.01
35;Arbrissel;23.7;76.3;0.0
35;Argentré-du-Plessis;24.15;75.85;0.0
35;Aubigné;37.37;62.64;0.0
35;Availles-sur-Seiche;17.14;82.86;0.0
35;Baguer-Morvan;15.58;84.41;0.01
35;Baguer-Pican;16.74;83.26;0.0
35;Bain-de-Bretagne;30.0;69.99;0.01
35;Bains-sur-Oust;30.12;69.87;0.01
35;Bais;19.59;80.41;0.0
35;Balazé;19.88;80.12;0.0
35;Baulon;33.08;66.93;0.0
35;La Baussaine;36.86;63.14;0.0
35;La Bazouge-du-Désert;20.34;79.66;0.0
35;Bazouges-la-Pérouse;26.58;73.43;0.0
35;Beaucé;16.66;83.33;0.01
35;Bécherel;45.62;54.38;0.0
35;Bédée;34.51;65.49;0.0
35;Betton;43.17;56.83;0.0
35;Billé;16.34;83.66;0.0
35;Bléruais;44.64;55.36;0.0
35;Boisgervilly;30.51;69.49;0.0
35;Boistrudan;26.21;73.79;0.0
35;Bonnemain;27.42;72.58;0.0
35;La Bosse-de-Bretagne;32.95;67.04;0.01
35;La Bouëxière;36.94;63.06;0.0
35;Bourgbarré;32.55;67.45;0.0
35;Bourg-des-Comptes;39.8;60.2;0.0
35;La Boussac;27.57;72.42;0.01
35;Bovel;36.07;63.93;0.0
35;Bréal-sous-Montfort;28.81;71.2;0.0
35;Bréal-sous-Vitré;25.51;74.5;0.0
35;Brécé;39.72;60.28;0.0
35;Breteil;44.32;55.67;0.01
35;Brie;25.9;74.1;0.0
35;Brielles;17.64;82.36;0.0
35;Broualan;25.0;75.0;0.0
35;Bruc-sur-Aff;18.36;81.64;0.0
35;Les Brulais;22.43;77.57;0.0
35;Bruz;33.33;66.67;0.0
35;Cancale;20.81;79.2;0.0
35;Cardroc;37.42;62.57;0.01
35;Cesson-Sévigné;35.08;64.92;0.0
35;Champeaux;27.27;72.72;0.01
35;Chanteloup;35.02;64.98;0.0
35;Chantepie;40.66;59.34;0.0
35;La Chapelle-aux-Filtzméens;42.79;57.19;0.02
35;La Chapelle-Bouëxic;37.6;62.4;0.0
35;La Chapelle-Chaussée;36.65;63.34;0.01
35;La Chapelle-des-Fougeretz;39.38;60.62;0.0
35;La Chapelle du Lou du Lac;33.82;66.18;0.0
35;La Chapelle-Erbrée;22.81;77.19;0.0
35;La Chapelle-Fleurigné;14.14;85.85;0.01
35;La Chapelle-Saint-Aubert;22.39;77.61;0.0
35;La Chapelle-de-Brain;38.31;61.7;0.0
35;La Chapelle-Thouarault;44.73;55.27;0.0
35;Chartres-de-Bretagne;35.59;64.4;0.01
35;Chasné-sur-Illet;47.04;52.96;0.0
35;Châteaubourg;33.6;66.41;0.0
35;Châteaugiron;30.29;69.71;0.0
35;Châteauneuf-d'Ille-et-Vilaine;26.48;73.52;0.0
35;Le Châtellier;17.21;82.79;0.0
35;Châtillon-en-Vendelais;21.48;78.52;0.0
35;Chauvigné;23.83;76.16;0.01
35;Chavagne;42.05;57.96;0.0
35;Chelun;19.08;80.92;0.0
35;Cherrueix;13.57;86.44;0.0
35;Chevaigné;42.22;57.78;0.0
35;Cintré;44.33;55.66;0.01
35;Clayes;47.71;52.29;0.0
35;Coësmes;23.91;76.09;0.0
35;Comblessac;18.73;81.27;0.0
35;Combourg;35.4;64.59;0.01
35;Combourtillé;22.42;77.57;0.01
35;Cornillé;18.7;81.31;0.0
35;Corps-Nuds;38.96;61.04;0.0
35;La Couyère;31.28;68.72;0.0
35;Crevin;33.0;67.0;0.0
35;Le Crouais;29.25;70.76;0.0
35;Cuguen;38.4;61.59;0.01
35;Dinard;20.86;79.14;0.0
35;Dingé;43.26;56.73;0.01
35;Dol-de-Bretagne;26.63;73.36;0.01
35;Domagné;29.2;70.8;0.0
35;Domalain;20.08;79.92;0.0
35;La Dominelais;20.4;79.6;0.0
35;Domloup;34.49;65.51;0.0
35;Dourdain;30.27;69.73;0.0
35;Drouges;19.69;80.31;0.0
35;Eancé;26.67;73.33;0.0
35;Epiniac;18.09;81.91;0.0
35;Erbrée;20.98;79.02;0.0
35;Ercé-en-Lamée;30.27;69.73;0.0
35;Ercé-près-Liffré;40.99;59.01;0.0
35;Essé;27.83;72.17;0.0
35;Etrelles;21.49;78.51;0.0
35;Feins;35.45;64.54;0.01
35;Le Ferré;14.9;85.11;0.0
35;Forges-la-Forêt;22.55;77.45;0.0
35;Fougères;30.12;69.88;0.0
35;La Fresnais;19.71;80.29;0.0
35;Gaël;29.27;70.74;0.0
35;Gahard;37.29;62.7;0.01
35;Gennes-sur-Seiche;20.81;79.19;0.0
35;Gévezé;36.85;63.15;0.0
35;Gosné;27.9;72.09;0.01
35;La Gouesnière;24.13;75.87;0.0
35;Goven;32.13;67.88;0.0
35;Grand-Fougeray;24.92;75.09;0.0
35;La Guerche-de-Bretagne;18.22;81.79;0.0
35;Guichen;39.09;60.9;0.01
35;Guignen;34.36;65.64;0.0
35;Guipel;38.4;61.59;0.01
35;Hédé-Bazouges;43.06;56.93;0.01
35;L'Hermitage;43.93;56.07;0.0
35;Hirel;21.25;78.75;0.0
35;Iffendic;40.08;59.92;0.0
35;Les Iffs;31.32;68.68;0.0
35;Irodouër;28.5;71.49;0.01
35;Janzé;26.9;73.1;0.0
35;Javené;21.06;78.94;0.0
35;Laignelet;18.64;81.36;0.0
35;Laillé;35.94;64.06;0.0
35;Lalleu;33.83;66.17;0.0
35;Landavran;24.24;75.76;0.0
35;Landéan;13.79;86.21;0.0
35;Landujan;28.79;71.21;0.0
35;Langan;30.9;69.11;0.0
35;Langon;41.05;58.94;0.01
35;Langouet;47.45;52.55;0.0
35;Lanrigan;16.44;83.56;0.0
35;Lassy;41.87;58.13;0.0
35;Lécousse;22.18;77.83;0.0
35;Lieuron;24.33;75.66;0.01
35;Liffré;38.81;61.21;0.0
35;Lillemer;23.65;76.34;0.01
35;Livré-sur-Changeon;30.47;69.53;0.0
35;Lohéac;28.72;71.28;0.0
35;Longaulnay;40.52;59.48;0.0
35;Le Loroux;18.8;81.21;0.0
35;Lourmais;25.6;74.41;0.0
35;Loutehel;26.66;73.33;0.01
35;Louvigné-de-Bais;24.28;75.73;0.0
35;Louvigné-du-Désert;13.96;86.04;0.0
35;Luitré-Dompierre;16.0;83.99;0.01
35;Marcillé-Raoul;22.7;77.31;0.0
35;Marcillé-Robert;31.27;68.73;0.0
35;Marpiré;27.75;72.24;0.01
35;Martigné-Ferchaud;23.52;76.47;0.01
35;Val d'Anast;27.01;73.0;0.0
35;Maxent;32.11;67.89;0.0
35;Mecé;27.77;72.22;0.01
35;Médréac;34.0;66.0;0.0
35;Meillac;35.42;64.58;0.0
35;Melesse;36.68;63.33;0.0
35;Mellé;19.65;80.36;0.0
35;Mernel;29.19;70.82;0.0
35;Guipry-Messac;30.27;69.73;0.0
35;La Mézière;33.42;66.58;0.0
35;Mézières-sur-Couesnon;29.69;70.31;0.0
35;Miniac-Morvan;21.5;78.5;0.0
35;Miniac-sous-Bécherel;36.87;63.13;0.0
35;Le Minihic-sur-Rance;31.91;68.09;0.0
35;Mondevert;21.78;78.21;0.01
35;Montauban-de-Bretagne;30.94;69.06;0.0
35;Montautour;20.29;79.71;0.0
35;Mont-Dol;21.56;78.44;0.0
35;Monterfil;40.0;60.01;0.0
35;Montfort-sur-Meu;46.79;53.21;0.0
35;Montgermont;39.32;60.68;0.0
35;Monthault;18.8;81.19;0.01
35;Les Portes du Coglais;20.21;79.78;0.01
35;Montreuil-des-Landes;21.05;78.95;0.0
35;Montreuil-le-Gast;38.14;61.86;0.0
35;Montreuil-sous-Pérouse;26.78;73.23;0.0
35;Montreuil-sur-Ille;42.82;57.18;0.0
35;Mordelles;37.97;62.03;0.0
35;Mouazé;40.24;59.77;0.0
35;Moulins;34.56;65.44;0.0
35;Moussé;13.88;86.12;0.0
35;Moutiers;15.76;84.25;0.0
35;Muel;30.26;69.74;0.0
35;La Noë-Blanche;24.72;75.29;0.0
35;La Nouaye;44.09;55.9;0.01
35;Nouvoitou;41.01;58.98;0.01
35;Noyal-sous-Bazouges;27.73;72.27;0.0
35;Noyal-Châtillon-sur-Seiche;36.33;63.67;0.0
35;Noyal-sur-Vilaine;32.76;67.25;0.0
35;Orgères;36.13;63.87;0.0
35;Pacé;34.93;65.08;0.0
35;Paimpont;43.72;56.29;0.0
35;Pancé;36.0;64.0;0.0
35;Parcé;15.23;84.78;0.0
35;Parigné;17.34;82.66;0.0
35;Parthenay-de-Bretagne;39.31;60.69;0.0
35;Le Pertre;16.23;83.78;0.0
35;Le Petit-Fougeray;38.08;61.92;0.0
35;Pipriac;23.3;76.7;0.0
35;Piré-Chancé;28.03;71.98;0.0
35;Pléchâtel;33.36;66.65;0.0
35;Pleine-Fougères;21.42;78.59;0.0
35;Plélan-le-Grand;32.74;67.26;0.0
35;Plerguer;20.97;79.03;0.0
35;Plesder;30.86;69.14;0.0
35;Pleugueneuc;36.95;63.06;0.0
35;Pleumeleuc;33.4;66.6;0.0
35;Pleurtuit;24.73;75.26;0.01
35;Pocé-les-Bois;27.06;72.94;0.0
35;Poilley;14.22;85.78;0.0
35;Poligné;35.69;64.32;0.0
35;Princé;25.34;74.67;0.0
35;Québriac;36.38;63.62;0.0
35;Quédillac;31.59;68.42;0.0
35;Rannée;17.88;82.12;0.0
35;Redon;42.21;57.79;0.0
35;Renac;34.34;65.67;0.0
35;Rennes;57.22;42.78;0.0
35;Retiers;24.56;75.44;0.0
35;Le Rheu;48.48;51.52;0.0
35;La Richardais;24.57;75.43;0.0
35;Rimou;27.8;72.19;0.01
35;Romagné;21.85;78.15;0.0
35;Romazy;17.77;82.23;0.0
35;Romillé;37.79;62.21;0.0
35;Roz-Landrieux;16.69;83.31;0.0
35;Roz-sur-Couesnon;21.96;78.04;0.0
35;Sains;25.39;74.61;0.0
35;Sainte-Anne-sur-Vilaine;35.67;64.33;0.0
35;Saint-Armel;42.32;57.68;0.0
35;Saint-Aubin-d'Aubigné;33.89;66.11;0.0
35;Saint-Aubin-des-Landes;21.54;78.46;0.0
35;Saint-Aubin-du-Cormier;32.02;67.98;0.0
35;Saint-Benoît-des-Ondes;23.38;76.62;0.0
35;Saint-Briac-sur-Mer;20.67;79.34;0.0
35;Maen Roch;19.0;81.0;0.0
35;Saint-Brieuc-des-Iffs;47.55;52.44;0.01
35;Saint-Broladre;22.69;77.32;0.0
35;Saint-Christophe-des-Bois;21.75;78.25;0.0
35;Saint-Christophe-de-Valains;26.12;73.88;0.0
35;Sainte-Colombe;24.39;75.61;0.0
35;Saint-Coulomb;19.21;80.8;0.0
35;Saint-Didier;25.81;74.19;0.0
35;Saint-Domineuc;37.67;62.34;0.0
35;Saint-Erblon;32.35;67.65;0.0
35;Saint-Ganton;30.87;69.14;0.0
35;Saint-Georges-de-Gréhaigne;11.11;88.9;0.0
35;Saint-Georges-de-Reintembault;16.86;83.13;0.01
35;Saint-Germain-du-Pinel;19.31;80.69;0.0
35;Saint-Germain-en-Coglès;18.81;81.19;0.0
35;Saint-Germain-sur-Ille;58.08;41.92;0.0
35;Saint-Gilles;37.59;62.42;0.0
35;Saint-Gondran;38.3;61.7;0.0
35;Saint-Gonlay;51.37;48.64;0.0
35;Saint-Grégoire;29.43;70.56;0.01
35;Saint-Guinoux;23.39;76.6;0.01
35;Saint-Hilaire-des-Landes;25.48;74.51;0.01
35;Saint-Jacques-de-la-Lande;54.71;45.29;0.0
35;Rives-du-Couesnon;26.2;73.8;0.0
35;Saint-Jean-sur-Vilaine;24.23;75.77;0.0
35;Saint-Jouan-des-Guérets;24.16;75.85;0.0
35;Saint-Just;38.59;61.4;0.01
35;Saint-Léger-des-Prés;41.72;58.28;0.0
35;Saint-Lunaire;21.84;78.16;0.0
35;Saint-Malo;25.93;74.07;0.0
35;Saint-Malo-de-Phily;40.98;59.03;0.0
35;Saint-Malon-sur-Mel;38.43;61.57;0.0
35;Saint-Marcan;22.67;77.32;0.01
35;Saint-Marc-le-Blanc;21.32;78.68;0.0
35;Sainte-Marie;31.68;68.32;0.0
35;Saint-Maugan;43.45;56.55;0.0
35;Saint-Médard-sur-Ille;47.63;52.37;0.0
35;Saint-Méen-le-Grand;24.85;75.15;0.0
35;Saint-Méloir-des-Ondes;21.9;78.1;0.0
35;Saint-M'Hervé;18.48;81.52;0.0
35;Saint-Onen-la-Chapelle;23.16;76.83;0.01
35;Saint-Ouen-des-Alleux;25.6;74.4;0.0
35;Saint-Péran;34.98;65.02;0.0
35;Saint-Père-Marc-en-Poulet;24.96;75.03;0.01
35;Saint-Pern;41.94;58.06;0.0
35;Mesnil-Roc'h;32.76;67.23;0.01
35;Saint-Rémy-du-Plain;20.11;79.89;0.0
35;Saint-Sauveur-des-Landes;18.72;81.27;0.01
35;Saint-Séglin;22.96;77.04;0.0
35;Saint-Senoux;46.58;53.42;0.0
35;Saint-Suliac;31.05;68.94;0.01
35;Saint-Sulpice-la-Forêt;49.0;51.0;0.0
35;Saint-Sulpice-des-Landes;29.64;70.37;0.0
35;Saint-Symphorien;30.12;69.89;0.0
35;Saint-Thual;37.22;62.79;0.0
35;Saint-Thurial;28.91;71.08;0.01
35;Saint-Uniac;38.0;62.0;0.0
35;Saulnières;34.37;65.64;0.0
35;Le Sel-de-Bretagne;37.3;62.7;0.0
35;La Selle-en-Luitré;19.34;80.65;0.01
35;La Selle-Guerchaise;16.49;83.51;0.0
35;Sens-de-Bretagne;25.76;74.24;0.0
35;Servon-sur-Vilaine;34.36;65.64;0.0
35;Sixt-sur-Aff;24.16;75.83;0.01
35;Sougeal;20.43;79.58;0.0
35;Taillis;29.58;70.42;0.0
35;Talensac;41.49;58.52;0.0
35;Teillay;24.91;75.08;0.01
35;Le Theil-de-Bretagne;26.5;73.51;0.0
35;Thorigné-Fouillard;40.74;59.27;0.0
35;Thourie;33.25;66.75;0.0
35;Le Tiercent;30.7;69.3;0.0
35;Tinténiac;38.78;61.21;0.01
35;Torcé;21.73;78.27;0.0
35;Trans-la-Forêt;27.85;72.14;0.01
35;Treffendel;37.04;62.95;0.01
35;Trémeheuc;38.26;61.73;0.01
35;Tresboeuf;29.97;70.03;0.0
35;Trévérien;37.79;62.2;0.01
35;Trimer;41.13;58.86;0.01
35;Val-d'Izé;23.13;76.86;0.01
35;Vergéal;20.27;79.73;0.0
35;Le Verger;38.88;61.12;0.0
35;Vern-sur-Seiche;35.03;64.97;0.0
35;Vezin-le-Coquet;47.7;52.31;0.0
35;Vieux-Viel;16.37;83.62;0.01
35;Vieux-Vy-sur-Couesnon;33.19;66.82;0.0
35;Vignoc;31.15;68.86;0.0
35;Villamée;21.39;78.6;0.01
35;La Ville-ès-Nonais;28.65;71.35;0.0
35;Visseiche;20.45;79.55;0.0
35;Vitré;28.16;71.84;0.0
35;Le Vivier-sur-Mer;15.39;84.61;0.0
35;Le Tronchet;20.15;79.86;0.0
35;Pont-Péan;37.21;62.8;0.0
44;Abbaretz;36.05;63.95;0.0
44;Aigrefeuille-sur-Maine;30.41;69.59;0.0
44;Ancenis-Saint-Géréon;39.76;60.24;0.0
44;Chaumes-en-Retz;27.45;72.55;0.0
44;Assérac;34.62;65.39;0.0
44;Avessac;36.45;63.54;0.01
44;Basse-Goulaine;30.01;69.98;0.01
44;Batz-sur-Mer;25.77;74.24;0.0
44;La Bernerie-en-Retz;28.9;71.11;0.0
44;Besné;33.16;66.84;0.0
44;Le Bignon;32.42;67.57;0.01
44;Blain;40.54;59.46;0.0
44;La Boissière-du-Doré;27.85;72.15;0.0
44;Bouaye;39.6;60.39;0.01
44;Bouée;36.13;63.87;0.0
44;Bouguenais;48.38;51.62;0.0
44;Villeneuve-en-Retz;24.81;75.17;0.02
44;Boussay;26.23;73.78;0.0
44;Bouvron;40.97;59.04;0.0
44;Brains;40.26;59.75;0.0
44;Campbon;40.87;59.13;0.0
44;Carquefou;33.65;66.36;0.0
44;Casson;37.0;62.99;0.01
44;Le Cellier;38.74;61.27;0.0
44;Divatte-sur-Loire;28.41;71.58;0.01
44;La Chapelle-des-Marais;33.49;66.5;0.01
44;La Chapelle-Glain;20.26;79.74;0.0
44;La Chapelle-Heulin;27.87;72.13;0.0
44;La Chapelle-Launay;42.23;57.77;0.0
44;La Chapelle-sur-Erdre;44.39;55.6;0.01
44;Châteaubriant;30.63;69.36;0.01
44;Château-Thébaud;32.46;67.55;0.0
44;Chauvé;23.34;76.66;0.0
44;Cheix-en-Retz;35.03;64.98;0.0
44;La Chevrolière;32.37;67.63;0.0
44;Clisson;42.0;58.0;0.0
44;Conquereuil;34.26;65.74;0.0
44;Cordemais;29.22;70.77;0.01
44;Corsept;30.07;69.91;0.02
44;Couëron;42.16;57.85;0.0
44;Couffé;36.32;63.69;0.0
44;Le Croisic;20.86;79.14;0.0
44;Crossac;34.84;65.15;0.01
44;Derval;37.08;62.92;0.0
44;Donges;36.05;63.95;0.0
44;Drefféac;29.01;70.98;0.01
44;Erbray;32.95;67.06;0.0
44;La Baule-Escoublac;13.98;86.01;0.01
44;Fay-de-Bretagne;36.56;63.44;0.0
44;Fégréac;36.74;63.26;0.0
44;Fercé;31.14;68.87;0.0
44;Ingrandes-le-Fresne-sur-Loire;39.39;60.6;0.01
44;Frossay;27.03;72.98;0.0
44;Le Gâvre;45.85;54.15;0.0
44;Gétigné;32.03;67.97;0.0
44;Gorges;33.96;66.04;0.0
44;Grand-Auverné;28.18;71.82;0.0
44;Grandchamp-des-Fontaines;35.3;64.7;0.0
44;Guémené-Penfao;37.56;62.43;0.01
44;Guenrouet;34.0;66.01;0.0
44;Guérande;26.15;73.84;0.01
44;La Haie-Fouassière;36.65;63.36;0.0
44;Haute-Goulaine;30.09;69.91;0.0
44;Herbignac;30.15;69.85;0.0
44;Héric;32.65;67.35;0.0
44;Indre;54.8;45.2;0.0
44;Issé;28.17;71.83;0.0
44;Jans;31.64;68.36;0.0
44;Joué-sur-Erdre;38.27;61.73;0.0
44;Juigné-des-Moutiers;25.4;74.59;0.01
44;Le Landreau;29.88;70.12;0.0
44;Lavau-sur-Loire;53.45;46.54;0.01
44;Legé;24.78;75.22;0.0
44;Ligné;31.17;68.83;0.0
44;La Limouzinière;28.91;71.09;0.0
44;Le Loroux-Bottereau;30.63;69.38;0.0
44;Louisfert;26.65;73.36;0.0
44;Lusanger;27.54;72.46;0.0
44;Machecoul-Saint-Même;27.15;72.84;0.01
44;Maisdon-sur-Sèvre;33.7;66.3;0.0
44;Malville;38.94;61.07;0.0
44;La Marne;24.1;75.91;0.0
44;Marsac-sur-Don;39.16;60.84;0.0
44;Massérac;43.59;56.4;0.01
44;Mauves-sur-Loire;40.04;59.96;0.0
44;La Meilleraye-de-Bretagne;27.17;72.83;0.0
44;Mésanger;29.29;70.71;0.0
44;Mesquer;28.67;71.32;0.01
44;Missillac;28.54;71.47;0.0
44;Moisdon-la-Rivière;28.9;71.1;0.0
44;Monnières;37.6;62.39;0.01
44;La Montagne;54.92;45.08;0.0
44;Montbert;31.88;68.13;0.0
44;Montoir-de-Bretagne;37.46;62.53;0.01
44;Montrelais;38.75;61.25;0.0
44;Mouais;40.11;59.9;0.0
44;Les Moutiers-en-Retz;28.46;71.54;0.0
44;Mouzeil;34.58;65.42;0.0
44;Mouzillon;32.92;67.07;0.01
44;Nantes;52.74;47.25;0.01
44;Nort-sur-Erdre;38.82;61.18;0.0
44;Notre-Dame-des-Landes;44.14;55.87;0.0
44;Noyal-sur-Brutz;26.24;73.76;0.0
44;Nozay;40.0;60.0;0.0
44;Orvault;38.94;61.06;0.0
44;Oudon;42.67;57.33;0.0
44;Paimboeuf;38.34;61.65;0.01
44;Le Pallet;38.69;61.31;0.0
44;Pannecé;32.41;67.58;0.01
44;Paulx;23.22;76.78;0.0
44;Le Pellerin;45.75;54.25;0.0
44;Petit-Auverné;30.25;69.74;0.01
44;Petit-Mars;31.6;68.4;0.0
44;Pierric;29.25;70.74;0.01
44;Le Pin;18.35;81.66;0.0
44;Piriac-sur-Mer;22.77;77.23;0.0
44;La Plaine-sur-Mer;26.25;73.76;0.0
44;La Planche;24.72;75.28;0.0
44;Plessé;40.85;59.15;0.0
44;Pontchâteau;32.24;67.77;0.0
44;Pont-Saint-Martin;33.46;66.54;0.0
44;Pornic;23.27;76.73;0.0
44;Pornichet;23.33;76.66;0.01
44;Port-Saint-Père;34.4;65.59;0.01
44;Pouillé-les-Côteaux;29.84;70.16;0.0
44;Le Pouliguen;17.29;82.71;0.0
44;Préfailles;24.1;75.9;0.0
44;Prinquiau;34.71;65.29;0.0
44;Puceul;41.57;58.42;0.01
44;Quilly;39.61;60.4;0.0
44;La Regrippière;25.34;74.66;0.0
44;La Remaudière;28.46;71.54;0.0
44;Remouillé;28.24;71.75;0.01
44;Rezé;57.14;42.86;0.0
44;Riaillé;37.79;62.21;0.0
44;Rouans;33.69;66.32;0.0
44;Rougé;26.86;73.15;0.0
44;Ruffigné;26.15;73.85;0.0
44;Saffré;49.18;50.81;0.01
44;Saint-Aignan-Grandlieu;31.42;68.58;0.0
44;Saint-André-des-Eaux;24.09;75.91;0.0
44;Sainte-Anne-sur-Brivet;34.64;65.36;0.0
44;Saint-Aubin-des-Châteaux;35.53;64.47;0.0
44;Saint-Brevin-les-Pins;31.44;68.56;0.0
44;Saint-Colomban;28.93;71.08;0.0
44;Corcoué-sur-Logne;35.53;64.47;0.0
44;Saint-Etienne-de-Mer-Morte;19.74;80.26;0.0
44;Saint-Etienne-de-Montluc;32.67;67.33;0.0
44;Saint-Fiacre-sur-Maine;37.24;62.77;0.0
44;Saint-Gildas-des-Bois;25.66;74.34;0.0
44;Saint-Herblain;45.8;54.2;0.0
44;Vair-sur-Loire;35.04;64.97;0.0
44;Saint-Hilaire-de-Chaléons;31.36;68.63;0.01
44;Saint-Hilaire-de-Clisson;31.65;68.34;0.01
44;Saint-Jean-de-Boiseau;49.04;50.96;0.0
44;Saint-Joachim;36.5;63.5;0.0
44;Saint-Julien-de-Concelles;32.76;67.24;0.0
44;Saint-Julien-de-Vouvantes;18.59;81.4;0.01
44;Saint-Léger-les-Vignes;28.76;71.24;0.0
44;Sainte-Luce-sur-Loire;39.79;60.21;0.0
44;Saint-Lumine-de-Clisson;32.66;67.35;0.0
44;Saint-Lumine-de-Coutais;25.08;74.91;0.01
44;Saint-Lyphard;27.82;72.18;0.0
44;Saint-Malo-de-Guersac;43.71;56.28;0.01
44;Saint-Mars-de-Coutais;36.52;63.48;0.0
44;Saint-Mars-du-Désert;32.58;67.42;0.0
44;Vallons-de-l'Erdre;24.92;75.09;0.0
44;Saint-Michel-Chef-Chef;25.12;74.87;0.01
44;Saint-Molf;28.72;71.28;0.0
44;Saint-Nazaire;51.6;48.4;0.0
44;Saint-Nicolas-de-Redon;37.84;62.16;0.0
44;Sainte-Pazanne;32.96;67.04;0.0
44;Saint-Père-en-Retz;28.29;71.71;0.0
44;Saint-Philbert-de-Grand-Lieu;30.81;69.19;0.0
44;Sainte-Reine-de-Bretagne;36.29;63.71;0.0
44;Saint-Sébastien-sur-Loire;45.38;54.62;0.0
44;Saint-Viaud;26.63;73.37;0.0
44;Saint-Vincent-des-Landes;30.81;69.2;0.0
44;Sautron;23.4;76.6;0.0
44;Savenay;45.41;54.6;0.0
44;Sévérac;36.9;63.1;0.0
44;Sion-les-Mines;35.81;64.18;0.01
44;Les Sorinières;33.58;66.42;0.0
44;Soudan;26.2;73.8;0.0
44;Soulvache;25.27;74.74;0.0
44;Sucé-sur-Erdre;36.42;63.58;0.0
44;Teillé;37.5;62.5;0.0
44;Le Temple-de-Bretagne;30.05;69.95;0.0
44;Thouaré-sur-Loire;37.47;62.54;0.0
44;Les Touches;30.95;69.05;0.0
44;Touvois;22.39;77.61;0.0
44;Trans-sur-Erdre;38.21;61.78;0.01
44;Treffieux;40.38;59.62;0.0
44;Treillières;37.05;62.95;0.0
44;Trignac;38.78;61.21;0.01
44;La Turballe;25.83;74.16;0.01
44;Vallet;29.73;70.27;0.0
44;Loireauxence;35.18;64.82;0.0
44;Vay;42.69;57.31;0.0
44;Vertou;33.57;66.43;0.0
44;Vieillevigne;25.75;74.25;0.0
44;Vigneux-de-Bretagne;31.78;68.23;0.0
44;Villepot;22.83;77.17;0.0
44;Vue;33.66;66.35;0.0
44;La Chevallerais;42.6;57.39;0.01
44;La Roche-Blanche;26.16;73.84;0.0
44;Geneston;27.27;72.73;0.0
44;La Grigonnais;44.49;55.51;0.0
56;Allaire;19.51;80.48;0.01
56;Ambon;31.69;68.23;0.08
56;Arradon;31.87;67.93;0.2
56;Arzal;32.18;67.82;0.0
56;Arzon;20.91;78.93;0.16
56;Augan;15.75;84.25;0.0
56;Auray;31.79;68.21;0.0
56;Baden;30.67;69.15;0.18
56;Bangor;35.39;64.62;0.0
56;Baud;24.49;75.51;0.0
56;Béganne;18.39;81.61;0.0
56;Beignon;16.55;83.46;0.0
56;Belz;26.2;73.8;0.0
56;Berné;20.52;79.48;0.0
56;Berric;20.87;79.12;0.01
56;Bignan;17.7;82.3;0.0
56;Billiers;43.55;56.29;0.16
56;Billio;11.94;88.06;0.0
56;Bohal;14.92;85.09;0.0
56;Brandérion;23.46;76.54;0.0
56;Brandivy;27.31;72.69;0.0
56;Brech;29.55;70.45;0.0
56;Bréhan;14.42;85.59;0.0
56;Brignac;15.46;84.54;0.0
56;Bubry;27.07;72.93;0.0
56;Buléon;13.19;86.82;0.0
56;Caden;17.61;82.41;0.0
56;Calan;25.85;74.15;0.0
56;Camoël;17.32;82.68;0.0
56;Camors;30.92;69.08;0.0
56;Campénéac;11.88;88.13;0.0
56;Carentoir;13.42;86.57;0.01
56;Carnac;16.37;83.63;0.0
56;Caro;12.5;87.5;0.0
56;Caudan;21.77;78.22;0.01
56;La Chapelle-Neuve;25.7;74.29;0.01
56;Cléguer;22.05;77.94;0.01
56;Cléguérec;25.15;74.84;0.01
56;Colpo;24.43;75.56;0.01
56;Concoret;25.47;74.52;0.01
56;Cournon;15.42;84.59;0.0
56;Le Cours;18.09;81.91;0.0
56;Crach;21.64;78.36;0.0
56;Crédin;14.36;85.66;0.0
56;Le Croisty;25.64;74.37;0.0
56;La Croix-Helléan;15.78;84.22;0.0
56;Cruguel;13.73;86.26;0.01
56;Damgan;22.95;77.0;0.05
56;Elven;25.52;74.49;0.0
56;Erdeven;27.37;72.62;0.01
56;Etel;29.89;70.11;0.0
56;Evriguet;17.97;82.03;0.0
56;Le Faouët;31.07;68.93;0.0
56;Férel;21.19;78.81;0.0
56;Les Fougerêts;16.74;83.25;0.01
56;La Gacilly;15.77;84.23;0.0
56;Gâvres;34.51;65.5;0.0
56;Gestel;25.87;74.12;0.01
56;Gourhel;10.8;89.2;0.0
56;Gourin;21.41;78.59;0.0
56;Grand-Champ;23.9;76.11;0.0
56;La Grée-Saint-Laurent;9.5;90.51;0.0
56;Groix;38.14;61.86;0.0
56;Guégon;11.57;88.43;0.0
56;Guéhenno;18.15;81.84;0.01
56;Gueltas;16.42;83.58;0.0
56;Guémené-sur-Scorff;33.0;67.01;0.0
56;Guénin;20.13;79.88;0.0
56;Guer;13.14;86.86;0.0
56;Guern;28.33;71.67;0.0
56;Le Guerno;29.61;70.39;0.0
56;Guidel;22.87;77.13;0.0
56;Guillac;11.84;88.16;0.0
56;Guilliers;13.53;86.46;0.01
56;Guiscriff;22.93;77.07;0.0
56;Helléan;17.48;82.52;0.0
56;Hennebont;31.3;68.71;0.0
56;Le Hézo;34.9;64.93;0.17
56;Hoedic;16.07;83.92;0.01
56;Ile-d'Houat;23.66;76.34;0.0
56;Ile-aux-Moines;24.39;75.6;0.01
56;Ile-d'Arz;33.55;66.45;0.0
56;Inguiniel;22.06;77.94;0.0
56;Inzinzac-Lochrist;32.15;67.85;0.0
56;Josselin;14.22;85.78;0.0
56;Kerfourn;19.48;80.51;0.01
56;Kergrist;16.06;83.93;0.01
56;Kervignac;24.8;75.2;0.0
56;Landaul;27.54;72.45;0.01
56;Landévant;26.81;73.2;0.0
56;Lanester;42.24;57.77;0.0
56;Langoëlan;34.78;65.22;0.0
56;Langonnet;28.2;71.79;0.01
56;Languidic;24.0;76.0;0.0
56;Forges de Lanouée;11.11;88.88;0.01
56;Lantillac;17.69;82.31;0.0
56;Lanvaudan;31.34;68.65;0.01
56;Lanvénégen;30.06;69.94;0.0
56;Larmor-Baden;26.85;73.03;0.12
56;Larmor-Plage;23.76;76.24;0.0
56;Larré;19.9;80.1;0.0
56;Lauzach;21.67;78.32;0.01
56;Lignol;19.09;80.91;0.0
56;Limerzel;21.34;78.65;0.01
56;Lizio;18.81;81.19;0.0
56;Locmalo;23.41;76.6;0.0
56;Locmaria;34.57;65.43;0.0
56;Locmaria-Grand-Champ;26.6;73.4;0.0
56;Locmariaquer;20.71;79.29;0.0
56;Locminé;20.68;79.32;0.0
56;Locmiquélic;36.98;63.01;0.01
56;Locoal-Mendon;28.4;71.6;0.0
56;Locqueltas;25.31;74.69;0.0
56;Lorient;41.83;58.18;0.0
56;Loyat;12.83;87.17;0.0
56;Malansac;19.8;80.2;0.0
56;Malestroit;12.55;87.44;0.01
56;Malguénac;22.48;77.51;0.01
56;Marzan;18.29;81.71;0.0
56;Mauron;13.02;86.97;0.01
56;Melrand;29.76;70.24;0.0
56;Ménéac;10.87;89.12;0.01
56;Merlevenez;25.6;74.4;0.0
56;Meslan;23.99;76.02;0.0
56;Meucon;24.81;75.19;0.0
56;Missiriac;15.47;84.52;0.01
56;Mohon;11.2;88.8;0.0
56;Molac;20.83;79.15;0.02
56;Monteneuf;16.16;83.84;0.0
56;Monterblanc;26.95;73.05;0.0
56;Montertelot;9.2;90.81;0.0
56;Moréac;15.59;84.42;0.0
56;Moustoir-Ac;22.24;77.75;0.01
56;Muzillac;26.34;73.58;0.08
56;Evellys;15.57;84.43;0.0
56;Néant-sur-Yvel;14.09;85.92;0.0
56;Neulliac;16.06;83.95;0.0
56;Nivillac;17.6;82.41;0.0
56;Nostang;31.75;68.26;0.0
56;Noyal-Muzillac;28.99;70.75;0.26
56;Noyal-Pontivy;15.66;84.33;0.01
56;Le Palais;40.07;59.94;0.0
56;Péaule;15.46;84.54;0.0
56;Peillac;17.21;82.79;0.0
56;Pénestin;16.93;83.08;0.0
56;Persquen;31.89;68.11;0.0
56;Plaudren;20.77;79.23;0.0
56;Plescop;26.81;73.2;0.0
56;Pleucadeuc;16.56;83.44;0.0
56;Pleugriffet;15.06;84.94;0.0
56;Ploemel;26.85;73.14;0.01
56;Ploemeur;30.05;69.95;0.0
56;Ploërdut;27.45;72.55;0.0
56;Ploeren;28.47;71.38;0.15
56;Ploërmel;11.32;88.68;0.0
56;Plouay;19.22;80.76;0.02
56;Plougoumelen;28.8;71.2;0.0
56;Plouharnel;21.01;78.99;0.0
56;Plouhinec;24.74;75.26;0.0
56;Plouray;25.0;74.99;0.01
56;Pluherlin;19.71;80.3;0.0
56;Plumelec;21.25;78.74;0.01
56;Pluméliau-Bieuzy;21.56;78.44;0.0
56;Plumelin;19.15;80.86;0.0
56;Plumergat;23.19;76.8;0.01
56;Pluneret;27.67;72.33;0.0
56;Pluvigner;25.12;74.89;0.0
56;Pontivy;24.88;75.13;0.0
56;Pont-Scorff;24.51;75.5;0.0
56;Porcaro;10.32;89.67;0.01
56;Port-Louis;32.87;67.13;0.0
56;Priziac;23.31;76.69;0.0
56;Questembert;19.22;80.78;0.0
56;Quéven;26.21;73.8;0.0
56;Quiberon;17.15;82.85;0.0
56;Quistinic;34.6;65.4;0.0
56;Radenac;13.71;86.3;0.0
56;Réguiny;16.16;83.85;0.0
56;Réminiac;10.96;89.05;0.0
56;Riantec;32.32;67.68;0.0
56;Rieux;19.14;80.86;0.0
56;La Roche-Bernard;28.03;71.96;0.01
56;Rochefort-en-Terre;28.7;71.31;0.0
56;Val d'Oust;15.25;84.74;0.01
56;Rohan;21.58;78.43;0.0
56;Roudouallec;23.69;76.32;0.0
56;Ruffiac;8.68;91.32;0.0
56;Le Saint;31.58;68.41;0.01
56;Saint-Abraham;13.76;86.24;0.0
56;Saint-Aignan;47.43;52.57;0.0
56;Saint-Allouestre;13.38;86.63;0.0
56;Saint-Armel;38.21;61.38;0.41
56;Saint-Avé;36.78;63.02;0.2
56;Saint-Barthélemy;24.49;75.51;0.0
56;Saint-Brieuc-de-Mauron;17.26;82.75;0.0
56;Sainte-Brigitte;40.83;59.16;0.01
56;Saint-Caradec-Trégomel;14.79;85.2;0.01
56;Saint-Congard;16.93;83.07;0.0
56;Saint-Dolay;19.31;80.69;0.0
56;Saint-Gérand-Croixanvec;17.47;82.53;0.0
56;Saint-Gildas-de-Rhuys;23.03;76.98;0.0
56;Saint-Gonnery;13.99;86.01;0.0
56;Saint-Gorgon;16.06;83.94;0.0
56;Saint-Gravé;21.55;78.45;0.0
56;Saint-Guyomard;14.86;85.13;0.01
56;Sainte-Hélène;27.45;72.54;0.01
56;Saint-Jacut-les-Pins;17.25;82.74;0.01
56;Saint-Jean-Brévelay;19.99;80.01;0.0
56;Saint-Jean-la-Poterie;28.1;71.9;0.0
56;Saint-Laurent-sur-Oust;12.85;87.17;0.0
56;Saint-Léry;18.75;81.25;0.0
56;Saint-Malo-de-Beignon;14.63;85.37;0.0
56;Saint-Malo-des-Trois-Fontaines;9.02;90.98;0.0
56;Saint-Marcel;12.5;87.5;0.0
56;Saint-Martin-sur-Oust;15.51;84.48;0.01
56;Saint-Nicolas-du-Tertre;14.58;85.43;0.0
56;Saint-Nolff;33.25;66.75;0.0
56;Saint-Perreux;21.59;78.42;0.0
56;Saint-Philibert;17.09;82.9;0.01
56;Saint-Pierre-Quiberon;20.41;79.59;0.0
56;Saint-Servant;13.57;86.44;0.0
56;Saint-Thuriau;21.29;78.72;0.0
56;Saint-Tugdual;22.34;77.66;0.0
56;Saint-Vincent-sur-Oust;19.78;80.22;0.0
56;Sarzeau;25.68;74.1;0.22
56;Sauzon;33.27;66.72;0.01
56;Séglien;24.34;75.66;0.0
56;Séné;36.43;63.35;0.22
56;Sérent;13.24;86.76;0.0
56;Silfiac;39.71;60.29;0.0
56;Le Sourn;23.29;76.71;0.0
56;Sulniac;28.37;71.63;0.0
56;Surzur;28.11;71.73;0.16
56;Taupont;10.79;89.22;0.0
56;Théhillac;17.07;82.94;0.0
56;Theix-Noyalo;28.72;71.13;0.15
56;Le Tour-du-Parc;24.63;74.78;0.59
56;Tréal;14.61;85.39;0.0
56;Trédion;26.73;73.27;0.0
56;Treffléan;26.07;73.94;0.0
56;Tréhorenteuc;18.84;81.16;0.0
56;La Trinité-Porhoët;10.59;89.42;0.0
56;La Trinité-sur-Mer;14.53;85.46;0.01
56;La Trinité-Surzur;30.08;69.92;0.0
56;Vannes;32.88;66.8;0.32
56;La Vraie-Croix;30.45;69.54;0.01
56;Le Bono;37.58;62.41;0.01
56;Sainte-Anne-d'Auray;23.6;76.4;0.0
56;Kernascléden;16.06;83.94;0.0
